1.331328115211830365e+01
1.418534835187744214e+01
1.000903145905378366e+01
6.276167151556435897e+00
8.540418123740842304e+00
1.259132250297665401e+01
1.250462211301974236e+01
8.191902879209184363e+00
9.391690045211152693e+00
9.748124492237238314e+00
1.167656562895030348e+01
7.630523906112608223e+00
4.216929636986583851e+00
2.436966457742128167e+00
5.583374564567452403e+00
2.516542208517277945e+00
7.273633387047469867e+00
6.052764468750151394e+00
8.682721550459767457e+00
8.465919463058323657e+00
8.595798911654902952e+00
4.189920110470838566e+00
4.000235181680743324e+00
4.636431419928863207e+00
1.761801347438304965e+00
2.732912091151350475e-01
1.615681899345043249e+00
5.142204505545145743e+00
6.144057505029324240e+00
9.203104233366229181e+00
3.647668113049377769e+00
4.119962021956281362e+00
6.450359435067469782e+00
8.597432391573761379e+00
2.582868896962210670e+00
1.177600630240685398e+01
1.228964606559210893e+01
1.111899361516639573e+01
8.144693578984256277e+00
8.072650378013474182e+00
6.123399771309946615e+00
7.572176969674851321e+00
4.377380672910257786e+00
8.168049267389623225e+00
6.530852938656829032e+00
1.538264662390721327e+01
1.898414048168475077e+01
1.767659186116993553e+01
1.051915062195949879e+01
6.938830498205899922e+00
1.245711177999897679e+01
8.774884363258406594e+00
7.864300877344638785e+00
4.488092982712571732e+00
9.165657090275502128e+00
9.215195471024122398e+00
1.097592528194450701e+01
1.215574867934145153e+01
7.313176767721354388e+00
8.223921882122604998e+00
9.211944505924218873e+00
8.565224480399200147e+00
1.000850164805415510e+01
1.142731059575653418e+01
7.768740098006245098e+00
6.223359115936957231e+00
5.246899173343670952e+00
6.540281450301153043e+00
1.269525038120729832e+01
1.467439028498004916e+01
1.311473009537379220e+01
1.096538501845376956e+01
1.175370965730199302e+01
8.958874065679991006e+00
1.179732375989964943e+01
9.523197269498442807e+00
1.075649769134860101e+01
8.268218350712347231e+00
6.752815168644445976e+00
6.887053709513434541e+00
1.187552489754361318e+01
1.182377725455065942e+01
7.708994112190515224e+00
1.645602844963778821e+01
1.195944009270407449e+01
4.064005082489263287e+00
3.502588682748652982e+00
7.476581444926533315e+00
9.769358684919323466e+00
3.440950424823912446e+00
4.148996269510369928e+00
9.528715200026061538e+00
1.164746571279568421e+01
1.014292835322637210e+01
6.334702842516311883e+00
6.321571412962581960e+00
8.634616211579643874e+00
5.275546804904932330e+00
6.411658189130220009e+00
5.237868955311764552e+00
4.510940271651844746e+00
7.112307520203188460e+00
1.059226309543294597e+01
9.492136504407680420e+00
9.610921856161192878e+00
7.596819667006046828e+00
4.781025083250490582e+00
2.367901981012292101e+00
3.193465188414560174e+00
8.257067566713505613e+00
1.221171768034944449e+01
1.431687369499635487e+01
1.517695779751634788e+01
5.010940780921814053e+00
6.148164518364579223e+00
9.855980991826182702e+00
3.385504138097354510e+00
2.982608168561700079e+00
4.024029996845497337e+00
5.238574346346808852e+00
7.356356124108969219e+00
8.049699859784798406e+00
5.116654631844349765e+00
7.497031285024396752e+00
1.098642153757882589e+01
2.485154408868999631e+00
5.579570124171821632e+00
5.746813511857439494e+00
8.986433115700760865e+00
1.368177205327149792e+01
8.715189127657025026e+00
6.381304943288585108e+00
9.321375444581681435e+00
6.710257881744353448e+00
5.545873748479709597e+00
6.975530571912710087e+00
4.021970046797180842e+00
7.060511572237169631e+00
4.386794444553999917e+00
4.113497561414196646e+00
9.062425653050723895e+00
7.036561421444547548e+00
1.276396089127579891e+01
9.015649525041393275e+00
6.958586864978286712e+00
1.239308568100683772e+01
1.214019030976201385e+01
7.127300497889005548e+00
8.838046306953959430e+00
1.063599830962648873e+01
6.163789753238885005e+00
3.575505071951141201e+00
5.378362882653554777e+00
8.211318385094299899e+00
9.842129870151921978e+00
6.130370108526113526e+00
1.023839837801594221e+01
6.084841243369753627e+00
4.804107463517868659e+00
3.390769465444111841e+00
2.144304855275251498e+00
3.133267454251269069e+00
3.369270021560379913e+00
1.062633114366559184e+01
5.506894276674411337e+00
2.950013696744512970e+00
3.850755476413325606e+00
1.593783234768835433e+00
7.250497198302097601e+00
1.951248480662965079e+00
7.627133370453531569e+00
1.232176735917567889e+01
1.412561587068496216e+01
1.492635436622507150e+01
1.504414764114088143e+01
1.366144346267306631e+01
1.359351659073177387e+01
1.287612107844026355e+01
1.145143586910137046e+01
3.138087821911896391e+00
4.230242010618548321e+00
1.030016780788416497e+01
1.888975588938300731e+01
1.465618765975538373e+01
8.100679661381226637e+00
5.734330084195097044e+00
7.867405056120778895e+00
1.206080195865443727e+01
1.797687090393206333e+01
1.587616688459006298e+01
1.414002107511948658e+01
6.540522929059644497e+00
7.698263187912961492e+00
4.506789246024047735e+00
6.352598476324054388e+00
5.615125685667567978e+00
1.099380000363134613e+01
9.591828658902723959e+00
1.112307003175292763e+01
1.383144892384139268e+01
1.007156518794727518e+01
4.460542645019872410e+00
6.222393413847315813e+00
9.580231764469123945e+00
7.383493893017348597e+00
4.110506814183096047e+00
5.947824019672642848e+00
1.031462010713955735e+01
6.568398252590769815e+00
9.371321892506273343e+00
7.638921137476406997e+00
8.617016579748545624e+00
1.053495211721979352e+01
1.413751324066452320e+01
9.378046740892923339e+00
8.118007385359920391e+00
8.025013890275133122e+00
3.949847079333419053e+00
7.944113824328063345e+00
1.163574483035699103e+01
1.065552649332592239e+01
1.043500479692049154e+01
8.731034726335764162e+00
6.493575807371231079e+00
5.383391282141022138e+00
9.301224175717873521e+00
9.252475682095260723e+00
8.094728536153882104e+00
1.824237972395388141e+01
1.688557790483450560e+01
9.488741247499408615e+00
6.513208070087197044e+00
1.177184412681869929e+01
1.522630265222455215e+01
1.360156242105066582e+01
1.238184227999166609e+01
1.045159525623128793e+01
5.644604365611007424e+00
8.536602182396340055e-01
6.237525696003602071e+00
6.589547776536446300e+00
1.582808416614692604e+01
1.688881998664481898e+01
1.969844557819397579e+01
2.061184032006636713e+01
1.294051944628573203e+01
6.853311085582102002e+00
4.760146074560384299e+00
4.551270136137079092e+00
4.528002226779459960e+00
6.655074319713159881e+00
6.971861957363580942e+00
6.247871140122108535e+00
3.888666413660197385e+00
8.203857057118717933e+00
1.164590333956332557e+01
8.528451458446816957e+00
2.859764967459831553e+00
1.043454204562105403e+01
1.388868382905565291e+01
1.130374117837301995e+01
7.149225725671942477e+00
6.135022102452143855e+00
9.223496480498367234e+00
8.675212666994644550e+00
7.738965725245457783e+00
1.268936681708240144e+01
1.205051770522291399e+01
3.555886446912109200e+00
4.303137196689670319e+00
1.673879763102841700e+00
1.023165201725655216e+01
1.501339090459820014e+01
1.532019223631389160e+01
1.101908666070597498e+01
9.874818391040571797e+00
1.007418236162356706e+01
1.062742465291836069e+01
9.652609021654056320e+00
5.261206811103551928e+00
5.519295640903107092e+00
4.750335186895123130e+00
1.023491780100984982e+01
6.234132626458182003e+00
9.805021695012689165e+00
7.017317427247922623e+00
4.761107234469601046e+00
4.492286696544598890e+00
6.170497977617904972e+00
1.171593966991778091e+00
6.286324146190147566e+00
7.393127059477437868e+00
9.235010261810971954e+00
4.313757061940731496e+00
1.971645034310433919e+00
3.544706830954806875e+00
5.180394601225907003e+00
4.191520611987296974e+00
5.765473254647011991e+00
6.710983345054625460e+00
5.408753391153187096e+00
3.014955408826387906e+00
3.951815426202367476e+00
6.843412735580225004e+00
8.888793700414165500e+00
9.090045773332061430e+00
8.110436670305201545e+00
9.357630695751884886e+00
7.287021583372306210e+00
8.398944974486470372e+00
8.478034313316225479e+00
9.417109213194001072e+00
1.027518016444768101e+01
1.104732538422517685e+01
8.114918210769543450e+00
8.849121079194468109e+00
1.896894552937243361e+01
1.612501735899442323e+01
9.915939962723181011e+00
2.928090811160010354e+00
1.530946940809546852e+01
2.039868397518157650e+01
1.167504558021130556e+01
1.013365206366160010e+01
4.608980255587230346e+00
2.824503031679310716e+00
2.768147433886611886e+00
6.120385828916887760e+00
2.640338002451525057e+00
2.190679425253580170e+00
2.840813599772451514e+00
3.098296154185979923e+00
6.616140840501224751e+00
1.156213830978278878e+01
1.660197521881415383e+01
1.938343261016380126e+01
1.876657314042033420e+01
1.936885145233042493e+01
1.786630937657908902e+01
1.616518164308855887e+01
1.210847552910429670e+01
8.298565163365424269e+00
5.794738621840425985e+00
5.398282483325834491e+00
5.770512176286766604e+00
3.427068732656466832e+00
8.930981795720342120e+00
3.953125769073249085e+00
3.678538436532767797e+00
8.085924147486228009e+00
4.895612212299512933e+00
8.745325426204642483e+00
1.417380391145226426e+01
1.555960831999361105e+01
1.062596899974310283e+01
2.918331878080465014e+00
6.631092097698125798e+00
1.126002110594501282e+01
1.566493124841893625e+01
9.767192477422788954e+00
8.121436547948276186e+00
6.184348801691995412e+00
2.045809179404496803e+00
1.206484444504486397e+01
1.634065900112400271e+01
2.384707645824450850e+01
2.025103180709383821e+01
1.637891279155026325e+01
1.207187715060266342e+01
9.075023603742041090e+00
7.049718258423873785e+00
4.922865570272075608e+00
6.794124803947394042e+00
4.063641476006311315e+00
6.586197147283820996e+00
7.219125059913825027e+00
1.557218422208586794e+01
1.245740736387905123e+01
1.656377834156619855e+01
9.702943416805254628e+00
6.619735660712232850e+00
1.296803481529692270e+00
5.468086166256984626e+00
9.633820005193665992e+00
8.897050009801091619e+00
5.261493059997398802e+00
7.411139952797905828e+00
7.861885371386295063e+00
5.091454339697538245e+00
1.711212297827964468e+00
8.276668026475284989e+00
3.639273062610526299e+00
4.875639576471833436e+00
1.150983026324179193e+01
1.475573588879544751e+01
1.448692705264257796e+01
1.988606426789104020e+01
1.786794928081192779e+01
1.667638385587729388e+01
2.092322726114146292e+01
1.220615462545451280e+01
1.001579992892038184e+01
5.834050252928739688e+00
1.045559459247388645e+01
1.255710389529242121e+01
9.417705854744745864e+00
9.572413645404743932e+00
4.060162127579443059e+00
5.838148762993194296e+00
7.830404533152068858e+00
7.193595051908259208e+00
9.707774744704586567e+00
6.878069602198271681e+00
4.126780570120945235e+00
2.459550600509797569e+00
1.058388533718889590e+01
5.646056900037917714e+00
7.512326790239585605e+00
1.344632455448237174e+01
9.129595691809345936e+00
2.324815453459369685e+00
3.940276656713667780e+00
1.952126616245931423e+00
5.477318956783582493e+00
2.446039029065210091e+00
4.652877102503777174e+00
7.983887639184689355e+00
3.528939847554819931e+00
6.506512302324645169e+00
7.492379710235631762e+00
7.001009561424121230e+00
1.522085965534534502e+01
1.295989195688859397e+01
8.185166960690571258e+00
9.377739836839667831e+00
9.046652402921225189e+00
7.760849405124740308e+00
4.594780635370728561e+00
4.719197551852801986e+00
1.642081039643277451e+00
7.137551788750002402e+00
9.273575066956013302e+00
1.047886260671916503e+01
1.011996857005143902e+01
6.711026585566978397e+00
1.398725220362723221e+01
1.125371639889795006e+01
1.357188227452546059e+01
1.495540084406068893e+01
1.907566303526738594e+01
1.030542607019811818e+01
1.401659150384042007e+01
1.458057353382607779e+01
1.188932374139396053e+01
5.717176393448277771e+00
1.291211341791075995e+00
8.328987497532532203e+00
6.137840993801837897e+00
8.649777866980363772e-01
1.180965465102726952e+01
1.357342631950731615e+01
1.229525661210865906e+01
8.983019657846149642e+00
9.685025923207181364e+00
3.850466684993535615e+00
4.798575839472608351e+00
9.790468443131493004e+00
5.399505794619592791e+00
4.858860682156839417e+00
6.783081294270713713e+00
4.008046074857279706e+00
6.318602816030796987e+00
8.348227755964106933e+00
1.128679113950651391e+01
3.394293310807210862e+00
4.778866491357798729e+00
6.913502080168285602e+00
1.037993983157936562e+01
7.042675273790662160e+00
1.082348503256031869e+01
1.559231825492607193e+01
1.538242237665879841e+01
1.904870030333674435e+01
2.422834904466462902e+01
2.733753292536026080e+01
2.290743575342644078e+01
1.793578617307467837e+01
1.289507040388613568e+01
1.368561237103256545e+01
1.386732247370412630e+01
1.838329603306997129e+01
1.790304229810023529e+01
1.437533625840067586e+01
1.534426494277436248e+01
1.331318862302908634e+01
1.161086710500024211e+01
3.658829454447277918e+00
2.363625039209947598e+00
2.404913318693809199e+00
7.917028241502909403e+00
1.382371339864871196e+01
9.525646744531696797e+00
2.724099111398806006e+00
4.170037943770573463e+00
6.849527270952507685e+00
9.285056398830324298e+00
1.056223850133361708e+01
9.399118384724173936e+00
6.638804104894859393e+00
7.781417238634275257e+00
3.533417899492348635e+00
5.120888992682331775e+00
4.685177202789059692e+00
2.807696611830269973e+00
4.861837187064398158e+00
1.400050106978073217e+01
1.797465651310080403e+01
2.154867785825807402e+01
1.544243823783171443e+01
7.901879934664842509e+00
8.661401967158436577e+00
3.681168798542410858e+00
6.479112937873275690e+00
3.921248313298036692e+00
7.104689339982753538e+00
6.269613266373113447e+00
6.588650071040490275e+00
8.888943927458402783e+00
1.164197279138305952e+01
6.253702089386856677e+00
4.706765356286332747e+00
8.194089636300809332e+00
1.250537981043442670e+01
1.217640735812964436e+01
1.345931299674550630e+01
9.195845624453474088e+00
1.301497042851532981e+01
8.309815608605962467e+00
8.735285406443210832e+00
1.776249120892643063e+01
1.858170744640290906e+01
1.709324892458682044e+01
1.817726205527354821e+01
1.288815987478592717e+01
9.164684269746169676e+00
6.448077808843320824e+00
3.885633854364331619e+00
7.494848148790477893e+00
4.876615682882347258e+00
3.376552532051580791e+00
9.562783787903482491e+00
1.338250471740762215e+01
1.171876188197161994e+01
1.515287589629654263e+01
1.330120050102514284e+01
1.190230329682987254e+01
1.443595908614865486e+01
1.086418490726266839e+01
8.219502055397970963e+00
9.630220552741526774e+00
8.891791690980536345e+00
4.634888446938968620e+00
6.088977405526052600e+00
9.534695797285179353e+00
1.276462744723969145e+01
1.640407991800966059e+01
1.347359649801228620e+01
9.959211456703362941e+00
1.035196182178105673e+01
5.419634562035474445e+00
4.255271665382937663e+00
1.624227795959486542e+01
1.407233016576934936e+01
6.152119592683664706e+00
9.192902721915043429e+00
9.235103592790844473e+00
7.486401324749608399e+00
1.264955937345005488e+01
1.342610821991687509e+01
4.981970732350602837e+00
6.266178038737368006e+00
1.554877930037223699e+01
1.234330961820734274e+01
7.889740766596666788e+00
6.556982428854892575e+00
1.257303142066169777e+01
1.912772040789597128e+01
1.310337589342647924e+01
1.381226868685286036e+01
1.873124676161938140e+01
1.368692752636761512e+01
1.088292621814463246e+01
6.940741276423882056e+00
6.734116356811579607e+00
6.858865712776234247e+00
4.921327479969340501e+00
6.544697296870922720e+00
1.234051451059089466e+01
1.669352667678301927e+01
1.051416419818958303e+01
1.438610609119058914e+01
1.169328029914143308e+01
6.624499134556672608e+00
6.799467928545714024e+00
1.150183568317124205e+01
1.303305055800019474e+01
1.030301424789776732e+01
2.046970030561329867e+00
5.457850545702449097e+00
3.071836114834938680e+00
6.069737648728207091e+00
3.025149587554474717e+00
8.610100478961401071e-01
2.215275431931841510e+00
2.237601487549947255e+00
8.563779339792356282e+00
1.197894151414635466e+01
1.712593776014321278e+01
1.639970451611516822e+01
1.403280787835711507e+01
1.485219314303040861e+01
2.133486219319119215e+01
1.403258830562686654e+01
7.078279514750011714e+00
3.520051870907201952e+00
3.008594469591461706e+00
1.138184915896634397e+00
6.916702056705124946e+00
1.241092341313790648e+01
1.699126796304517484e+01
1.625270431277106908e+01
1.544579654210805941e+01
1.124057842063283452e+01
8.275275700311221172e+00
1.180811274792614718e+01
7.079604897908321703e+00
7.062233615721781099e+00
1.466857112475373093e+01
2.016611197053853033e+01
2.275291140778383792e+01
1.048673360657628351e+01
1.203916030299924600e+01
1.300584266176186077e+01
8.247609199900116650e+00
7.393705889409436516e+00
2.963645630899176542e+00
7.415386567470615198e+00
9.456935805424391717e+00
3.963919011361566547e+00
9.938196660139515970e+00
6.474804342621909292e+00
7.818064475515910772e+00
1.451559041952253892e+01
1.699974671201796639e+01
1.198928338635836610e+01
1.224211411351807222e+01
1.169833620662489970e+01
4.393232082324794341e+00
1.923104057866758421e+00
4.571546173628763476e+00
9.064678213072838275e+00
7.125186941508129479e+00
5.407036328493274979e+00
2.263166918492779622e+00
3.958159737942928302e+00
4.930908619644849722e+00
5.634969765682583898e+00
3.746973529999807262e+00
2.278333580758738375e+00
3.510746715904589976e+00
4.017261435175588424e+00
8.896610815930294791e+00
8.838253926158985863e+00
6.941063645121705150e+00
5.333942786073046172e+00
1.593695617667372222e+00
6.533953012853658038e+00
2.883943048328477143e+00
4.564086138318478980e+00
4.503372800194220815e+00
6.232302939444639200e+00
3.439211042134584950e+00
4.550388145552605401e+00
6.378907403189693959e+00
4.472336703224787158e+00
3.048471724353775780e+00
9.499319021686803310e+00
1.409825306986598292e+01
1.487309192010902592e+01
9.521278656919132999e+00
9.678229093820254647e+00
8.467983285152566708e+00
8.424534022681237744e+00
4.845847349085294020e+00
5.675074124910037821e-01
8.655363376096754990e+00
4.620240020880841847e+00
6.185939862126639710e+00
1.275475385920734439e+01
1.289419101346696195e+01
5.045897558457467014e+00
4.757963231050085895e+00
3.232139378444127242e+00
2.183898516948330926e+00
3.944339374942699372e+00
4.716873661727351674e+00
8.158303324304327475e+00
8.511472748697670454e+00
5.058165047025746652e+00
4.810194331677517532e+00
2.850265408448402482e+00
6.945578502435733270e+00
9.565967592567046651e+00
4.914775315633707287e+00
5.139176713443655231e+00
3.460179938522734311e+00
1.132410597554882381e+00
1.143696047603871158e+01
1.162766217454775663e+01
1.557112767791442742e+01
1.533085363515013633e+01
1.494107131519776743e+01
1.625658618211614481e+01
5.642671090034212966e+00
7.724932328470326404e-01
6.863220143666222128e+00
6.725069857907919335e+00
1.238892411926317827e+01
1.351087408063605366e+01
1.689673386269569733e+01
1.901409974049259688e+01
5.510060081769109885e+00
6.670483864865211387e+00
3.370168159048401169e+00
5.147505946397918919e+00
1.172533957908673052e+01
1.154761331551559955e+01
1.195415182137643306e+01
1.268670147618128574e+01
1.021819942762464350e+01
1.060213289620397958e+01
1.069455613474120170e+01
5.408582076695598317e+00
1.526244004970928714e+00
6.559548457793722420e+00
1.129750885767025537e+01
6.186976947088944634e+00
6.935316531224615666e+00
6.633491450649170673e+00
5.301507859228575370e+00
5.649270084983568196e+00
4.099978841411362929e+00
5.271063961167245182e+00
7.690371462175381367e+00
1.383379157073477828e+01
8.436028299199046288e+00
8.557194446522002451e+00
1.149827886340360372e+01
1.902552982524501246e+01
2.211686556053690822e+01
1.218625053191140672e+01
1.177791738454624415e+01
9.955126712274704914e+00
2.314840886641639894e+00
2.636984723310650924e+00
1.674455370183011826e+00
9.961612596077113579e+00
1.057601944343688594e+01
1.309225828899584876e+01
7.879345060225977804e+00
3.677779703860885707e+00
1.593938529535815363e+01
1.356206239488880705e+01
9.155484855677922695e+00
1.065078670334009558e+01
1.291386969394636708e+01
1.204846539115535364e+01
5.257134165505275902e+00
8.999905904385606448e+00
1.233280319125308466e+01
9.063623293176696905e+00
9.379640958795087968e+00
1.023750876635295803e+01
1.195299654197796713e+01
7.034406181513386258e+00
4.097171769392061513e+00
5.239339579401079305e+00
2.101759614753120786e+00
5.076166546189537776e+00
4.532562502707766505e+00
4.558406757283643529e+00
7.556636535138368416e+00
1.285375644286098051e+01
1.472565088831299818e+01
1.532750005771743673e+01
9.092830894098394623e+00
6.122932472860012965e+00
7.226038661101740423e+00
1.234452193758121652e+01
1.280915760056612385e+01
9.189343623201281730e+00
9.468981924613812495e+00
1.511444682774212467e+01
6.171346925368745850e+00
3.113521240695701131e+00
3.847615694223760041e+00
5.459541824102381646e+00
4.783831241405541945e+00
1.312824517848364891e+01
1.724903053448480961e+01
1.061791484174062816e+01
9.021538885043131728e+00
5.236102336439717675e+00
3.838994703198792990e+00
8.267393014953945851e+00
1.455429012194138494e+01
2.153979244305214280e+01
1.629887084087498295e+01
2.155164104749438181e+01
1.760318406344548237e+01
1.172805311874004630e+01
9.903925683169843452e+00
1.503256796592004463e+01
7.772100055340950497e+00
9.873133951219865700e-01
3.630682251648106096e+00
2.413538427423545407e+00
7.785687347041850614e+00
3.510532291766980784e+00
6.399983521509373219e+00
1.325830417772174386e+01
1.449082857542541802e+01
8.389919939139415916e+00
9.711255330423368193e+00
6.580107283562960596e+00
8.033462534821152801e+00
4.247699158250647145e+00
1.307635848641519161e+00
4.078161941921243816e+00
2.658555908616794916e+00
3.658687452704562748e+00
4.929180598508382971e+00
6.722992857379786358e+00
7.062445438408265552e+00
8.755826637198930840e+00
8.474806584186243441e+00
6.652069479286183196e+00
1.249730482317455582e+01
1.325251436354687407e+01
9.794991039173728709e+00
9.873174680675283810e+00
1.725574031238144102e+01
1.944140900623395751e+01
2.116567026834764675e+01
1.914978214605434204e+01
9.668330146556062488e+00
1.074448167690594858e+01
8.598506279619313020e+00
9.668241575060855908e+00
1.853303488210148586e+01
2.119924853423243860e+01
1.885900629236535053e+01
9.841353330336296779e+00
6.573224335939063856e+00
7.123913318277159235e+00
5.437710844502706919e+00
8.139994236655921256e+00
5.723393782170333566e+00
6.672839770742251986e+00
5.331319375783513337e+00
2.569425056284725173e+00
1.532392936592641641e+00
3.544826226573359662e+00
4.521579655011531251e+00
7.458454063575428172e+00
9.322706474545549682e+00
6.401621216537105141e+00
4.837559748450320996e+00
3.866290463921005838e+00
9.012045390669852551e+00
1.383671795185095377e+01
1.160437005335636762e+01
6.606347725341715993e+00
9.497898015541871075e+00
1.505027407057587396e+01
1.118767240744002933e+01
1.257859967066015017e+01
1.345603979846188025e+01
1.260168333210504343e+01
4.966581434229728309e+00
8.850890666691341835e+00
4.815706225174563038e+00
5.963606878745826734e+00
6.646066356294053179e+00
7.111637369064256475e+00
7.761566641943717038e+00
5.957599050010298214e+00
7.852331649851924666e+00
9.440535546150565338e+00
3.786876251393078707e+00
6.604523317411512551e+00
5.363931178633628782e+00
1.091546090507741651e+00
4.877897949246912113e+00
5.547326018303503581e+00
5.969473386021610040e+00
7.966290460036567822e+00
5.231684905273692010e+00
5.616712589676636114e+00
9.559337961590475885e+00
6.826395230666213010e+00
6.068980362880188828e+00
1.438211842777278537e+00
1.708999801285323272e+01
2.373245479970786675e+01
2.008964859195270947e+01
1.523589047638350280e+01
7.979591448553808419e+00
9.297287154446426172e+00
1.330751211061028449e+01
1.247118488677553927e+01
2.643467168249037513e+01
3.074508585129718341e+01
2.684966645886254355e+01
2.454763458819712341e+01
1.966356432796036557e+01
1.976443134665630197e+01
2.019057091354768119e+01
1.301072541184035458e+01
8.469499623143416756e+00
1.450225475272133835e+01
9.095347659670791174e+00
1.022341801447815790e+01
1.977432815010302747e+01
2.097766606515134669e+01
1.776967028935805359e+01
8.609778500245209187e+00
8.312768125693812848e+00
4.381528691974239997e+00
4.246012600091533251e-01
8.238682377698939518e+00
4.416251080209195656e+00
3.460070737096319071e+00
5.974755404304677775e+00
2.198593490449063825e+00
2.466074726946620999e+00
9.476225079796032347e+00
7.221522249717610364e+00
9.490696878727458596e+00
1.424254565316172361e+01
1.088286598682172013e+01
3.270153147927267856e+00
6.974931129437135446e+00
6.117336037688316353e+00
9.788578968538777403e+00
1.031590801365039312e+01
8.901587527942266931e+00
1.548797291661561326e+00
1.111224577556066073e+01
6.667481817936646848e+00
5.460209110688227341e+00
1.042349180234286266e+01
1.061773713225481686e+01
6.008830736662000405e+00
5.874491995822776147e+00
1.287143252094225199e+00
4.547024637407124814e+00
5.634669446026866702e+00
6.563091575491081464e+00
1.779645726385837845e+00
5.731912751438004605e+00
6.811275714897043976e+00
1.303552636552305977e+01
1.009641133313490080e+01
8.886433528027517070e+00
8.095921836729534249e+00
4.714288407811874748e+00
1.206282903195752709e+01
1.512656153946634774e+01
2.023961303258164435e+01
2.095621938939039453e+01
9.996632733049397146e+00
4.357847061651980880e+00
6.673581721365363428e+00
9.876134539491674857e+00
1.053904267023572139e+01
1.089680137028090456e+01
1.492622706484501016e+01
1.066398507983200261e+01
1.710603915952813736e+01
2.231033114719420141e+01
2.320642331049670659e+01
1.882204781165381391e+01
1.706851824366109582e+01
1.533758970518962528e+01
1.391141817439168804e+01
1.452936964207796500e+01
1.313543336256534033e+01
7.813312328470334300e+00
8.185801091234811366e+00
8.508904851121064539e+00
4.676589187597212316e+00
3.389260799027665083e+00
5.390247535313422489e+00
9.212118564402180354e+00
1.087048292960579587e+01
7.425944247699922229e+00
7.200551402643037058e+00
8.288114897720205931e+00
1.057059468348365883e+01
1.582593867104013441e+01
1.301155126572461285e+01
1.065330535906323561e+01
1.064853873366401515e+01
8.877675536133784462e+00
1.368960732797689772e+01
1.012059882000462530e+01
1.893737637380966277e+01
1.746453375129358321e+01
1.388143865663425558e+01
7.363913313078040090e+00
7.317928652409321444e+00
1.161256234944360344e+01
8.318200536867504269e+00
6.845797044082388538e+00
6.929319371135640449e-01
1.940256568749872956e+00
5.740812888166720640e+00
8.998780473322998574e+00
2.804521142497637953e+00
7.901129159886891351e+00
8.494634041551762493e+00
1.190948444539554529e+01
7.786464509541907830e+00
2.151971008064191615e+00
9.233694286690003139e+00
8.265328087729779227e+00
6.999941375518283770e+00
3.951335537059144976e+00
8.183802759575717900e+00
8.355385589230422738e+00
1.786397965280952604e+01
1.179096659341136011e+01
6.154913697459766908e+00
8.456963809481134575e+00
7.592830538907479720e+00
1.535005144120067389e+00
6.050693846814786170e+00
5.568165167512666436e+00
6.550610072808121132e+00
9.453097725658373918e+00
1.122876175937125964e+01
4.965760628829347212e+00
1.545031125942990080e+01
1.554975672792532038e+01
3.967175816958840695e+00
6.912747440757746276e+00
2.482954623096271796e+00
7.136815691739083256e+00
9.769566985372346579e+00
7.740352543496972437e+00
4.848573294718517168e+00
8.597773324716044385e+00
9.682196889014427654e+00
4.943466616087366816e+00
7.763720079195003620e+00
1.134706555140468609e+01
1.914159676959560485e+01
1.742677271136950168e+01
1.585582859838061687e+01
1.036338409331293775e+01
7.278119609933972889e+00
4.755658926777112327e+00
7.183654393954398643e+00
8.696300373003172268e+00
8.915050931541147250e+00
2.700744736358384301e+00
9.687042741990225636e+00
1.023549435366453153e+01
1.377594327961255694e+01
8.524389448317203133e+00
3.823471505762929823e-01
2.488545213163241066e+00
2.967811803316257713e+00
1.055850356459234973e+01
1.346082699726573395e+01
9.307965595397103442e+00
1.099366294272515532e+01
1.713923212150862341e+01
2.404642750427449016e+01
1.957403968564471697e+01
1.267038218744989742e+01
8.315431397840180594e+00
1.229042055444929282e+01
1.471086347040264997e+01
1.314425705015549894e+01
6.553643180917438471e+00
6.291316990630578587e+00
8.979033525438268271e+00
8.174734972478152173e+00
7.588714545775766318e+00
9.728020010636495130e+00
1.294965383770566092e+01
1.372073773500870963e+01
5.478871241049485974e+00
1.563707411723054719e+00
1.025080752395178818e+00
4.496156985124843963e+00
7.391592725717044843e+00
1.356725441892457340e+01
1.679841613325941552e+01
1.584707906645542330e+01
9.380995865029138514e+00
1.086337134995264364e+01
6.429615249008792333e+00
9.511630308013469204e+00
7.868314350456950379e+00
9.208851863274645666e+00
5.320994263680420389e+00
9.028929160962995581e+00
9.485020191804361289e+00
8.543589915393410283e-01
6.039969307464499337e+00
1.156932079230504584e+01
1.224831168064659082e+01
1.355076797437940783e+01
1.128996425580437268e+01
1.278613658602617775e+01
9.632414500284243175e+00
1.557965125221377356e+01
9.136645470266508084e+00
7.335455993692981735e+00
6.897644108340564628e+00
5.226561237568856377e+00
1.544061908702565233e+01
1.958651847411266189e+01
1.146466306169934768e+01
1.135773897970816115e+01
1.265446873520405902e+01
9.862595294529096890e+00
3.178045087852434225e+00
1.844617712225353978e+00
7.036347691355170575e+00
1.094113194633699315e+01
7.384590095937504373e+00
9.427268316285957184e+00
7.108748050268502539e+00
1.062397122155763984e+00
7.831723093508172084e+00
9.236344633922941583e+00
1.539402059824925395e+01
1.778811708457748253e+01
1.882893363331617920e+01
2.181871094748540330e+01
1.412403196824389973e+01
1.649322919893686645e+01
1.976201705364001171e+01
1.976275563742544605e+01
1.379728696081144435e+01
1.561442023569244775e+01
2.031116385100101240e+01
1.738369436897932019e+01
1.675923692811219823e+01
2.290170731786649583e+01
2.878865400084318082e+01
2.356788996992784035e+01
1.287571274368820085e+01
6.934264077425157602e+00
7.163900931059319355e+00
1.005026979332078518e+01
1.432583865117829092e+01
1.189899531129310795e+01
1.277917264991352120e+01
1.083306956056632409e+01
1.103891968914675381e+01
6.917429049609136626e+00
6.240280299970760503e+00
1.092898361513341676e+01
9.552533167925682633e+00
1.757693363461164182e+01
1.265560585658697157e+01
9.761869579500920935e+00
9.089488326858486289e+00
1.055871713690073577e+01
7.965756082226259416e+00
5.472111407055657573e+00
3.096260758897531051e+00
2.280839167527606293e+00
1.206580575442206316e+00
5.999952341114923371e+00
8.282060292802682966e+00
1.121133381806765783e+01
5.446399522380028557e+00
2.306416492579898669e+00
6.781784089440582086e+00
7.000167907779026422e+00
5.094067837398636556e+00
4.994442770622505634e+00
7.111577954882704944e+00
4.360848851328868570e+00
9.162821241736388345e+00
1.101090840497158396e+01
1.000628136009297009e+00
6.449824823067256574e+00
6.313617833618784481e+00
8.512063012256680494e+00
1.756761946013835285e+01
1.548024750321986076e+01
1.094581355129713707e+01
5.421663993421152128e+00
7.258382495438830517e+00
6.023324384693045985e+00
1.670897556653244465e+01
1.694147766041761116e+01
1.394316929234445013e+01
5.971863708462179510e+00
5.152248594347788924e+00
9.114109340566667328e+00
1.641599748797904113e+01
1.586248153731767729e+01
7.514030334952815693e+00
7.722579109001635800e+00
1.141332536699140299e+01
1.035162525418483170e+01
9.880021411608842286e+00
1.332114952697321719e+01
1.129412711802472558e+01
1.244511488077404593e+01
1.147985816507218537e+01
1.070115463353477558e+01
1.118850568052823569e+01
1.622313195159487620e+01
1.283502813634176931e+01
1.227453517234679126e+01
9.116335315626503899e+00
7.464695555722232534e+00
6.371978084745110849e+00
2.103072774096302666e+01
2.525017393028213775e+01
1.679425498547829321e+01
5.805907213141036749e+00
5.072007898118946478e+00
1.316455557223505757e+01
1.301358675867689207e+01
1.021659711255011516e+01
1.197013796847698686e+01
9.443466558513719633e+00
9.234748796627464174e+00
1.089402730648018469e+01
3.835110539798457729e+00
1.568600215207461623e+00
4.880699733426074438e+00
6.367217971669768772e+00
8.126916767872792491e+00
1.329613159101393371e+01
1.151812771122970425e+01
5.038305189825212693e+00
4.607066336554458630e+00
8.244436059234294234e+00
1.238436546252058967e+01
2.045426973854031161e+01
1.809400395546152396e+01
7.462285960079504399e+00
8.708317129180192850e+00
9.260208814362153262e+00
7.885442546199751490e+00
1.256789022208096007e+01
1.219482834037126651e+01
9.981577198013557251e+00
8.641552026853482005e+00
9.240615466525133215e+00
8.546658950574038016e+00
1.114914307403949678e+01
1.049631305675627502e+01
1.524658966088423107e+01
6.457514585020355469e+00
4.324601120144874855e+00
5.226027191498372915e+00
1.041705725124380066e+01
1.176924873410388983e+01
1.279937294249870838e+01
1.032703546122298199e+01
1.132421479710943757e+01
1.114938214707418140e+01
1.010782816525157202e+01
9.453756683881884726e+00
5.966421520197387807e+00
1.375895056012643103e+01
8.153405847138628815e+00
1.486851682775510319e+01
1.521217460313444114e+01
1.816645415974606692e+01
1.389659090778633299e+01
1.267646350869852334e+01
9.951198981667534582e+00
1.162673661655485802e+01
9.780991679900544966e+00
1.764442680900489790e+01
2.056974648403697614e+01
1.597788830089624135e+01
1.398587142511292392e+01
1.435496380614917555e+01
7.215892564417099031e+00
6.267896840188048380e+00
7.415177228608671456e+00
1.189362519186144596e+01
1.327263367187651255e+01
6.568287396437931136e+00
7.956854963187460328e+00
2.020253164644183919e+00
1.087384393981752462e+00
3.961511110636281696e+00
8.462779694723193913e+00
8.884022037317032883e+00
1.051118406428644647e+01
1.398288261102458563e+01
1.177071886863759786e+01
8.798619677602241396e+00
1.089040318156942888e+01
5.743625744017824886e+00
8.753939793256311219e+00
8.334661094328410513e+00
1.878530228491251819e+01
2.304977526786593600e+01
2.397664171180294801e+01
1.915001349054569957e+01
1.554392247721082398e+01
1.757578782560587172e+01
1.686002208490886289e+01
1.306878347183100431e+01
9.277506593938175783e+00
9.772341515660670552e+00
9.742461207544705459e+00
7.762062529506391861e+00
4.795207032243904877e+00
3.134680690776634471e+00
1.008861830684749705e+01
7.339566117394548783e+00
9.446487486187841398e+00
6.665055068252888404e+00
2.077686019958540631e-01
5.195300054972048720e+00
1.082636798926969135e+01
1.029955601480599547e+01
8.775737152061058310e+00
1.012231000070381270e+01
1.400147829911609065e+01
1.405715576626556995e+01
7.125082353182704331e+00
2.382067549880074520e+00
6.191616114941057347e+00
8.352566371309410043e-01
4.355761176276756963e+00
9.138598776158939785e+00
9.493449577657571581e+00
4.863957666608338393e+00
1.109077114593798719e+01
8.641100944796050953e+00
7.888836027661293215e+00
2.023249320538573315e+00
6.294095875484480018e+00
8.675164662781698510e+00
1.365912634240010526e+01
1.449414376615258959e+01
1.568334379357038522e+01
1.630818420566612303e+01
8.050342058404821088e+00
4.491478041131734322e+00
1.755295645919948555e+01
2.059866082827567979e+01
1.456492111123598931e+01
1.689182059494361710e+01
1.351807960820569754e+01
4.496442038099489835e+00
1.898541133229846523e+00
4.460661374601534668e+00
1.483379653807201937e+00
5.750153440795793713e+00
8.238998073852174642e+00
1.305289090114569284e+01
2.266122923981302506e+01
1.208715171482956308e+01
1.805801854339169665e+01
1.273662515160653541e+01
1.356469687773470945e+01
1.394120833836982243e+01
1.073547182103393638e+01
1.098164636362686863e+01
1.378791374133172276e+01
8.462153827543902551e+00
8.317269964302788310e+00
5.245605841810237813e+00
1.351736179317303943e+01
9.370473050210497590e+00
6.621493782065778433e+00
1.200426059692592418e+01
8.618225441776255380e+00
1.203648355877798615e+01
1.318782435655891483e+01
1.020728304058867764e+01
1.064259410758828039e+01
1.833878725744576244e+01
1.087174248139190347e+01
7.516089341241917410e+00
8.517790156320790729e+00
1.044443704953719809e+01
8.789412804800369017e+00
7.818111780594474425e+00
1.607623220422653887e+01
1.540219012684671540e+01
1.413054706916266312e+01
1.193281771593578355e+01
1.291686619797641100e+01
1.013527977517672163e+01
5.044786514597051408e+00
1.775863851212148070e+00
5.323680519517751009e+00
3.445307531353699382e+00
4.067689071169721338e+00
9.945878966200883298e+00
1.139378569039488909e+01
8.542670682340867572e+00
3.948809059377446751e+00
6.482300643267366880e+00
1.059445429149552353e+01
8.306431764486729818e+00
6.302420498668068305e+00
2.233536364544500330e+00
5.283651985938551121e+00
1.265059556852501288e+01
1.293578972670453808e+01
1.464039669158523616e+01
1.276706890488348378e+01
5.112068835385342069e+00
4.711104098211372104e+00
4.556278284511306786e+00
5.139025897342208715e+00
3.774087984652517047e+00
3.106190536246247191e+00
2.891870182997319461e+00
5.814282694432452381e+00
1.042722090881165187e+01
1.397017865177372187e+01
4.847570663358030885e+00
4.865824119429180250e+00
6.235216202043184275e+00
6.974813893509547391e+00
1.160892255365865822e+01
1.256244872959813819e+01
7.702891553564496618e+00
9.094681036780190020e-01
2.473092674996387075e+00
5.611391694899918292e+00
5.322388216630304925e+00
9.305899378944458844e-01
5.410018584805557751e+00
5.286742100983953918e+00
8.552037378578104310e+00
8.074575561827344927e+00
9.908383085221249331e+00
1.043157450699829880e+01
1.532366458111750518e+01
1.242583865054271364e+01
7.060377030564289669e+00
6.667764240522183528e+00
7.201357677521995626e+00
9.173708293042379225e+00
1.007417036174661007e+01
1.819305804474606703e+01
1.019437140621644211e+01
6.935112841888521729e+00
7.515783581431905169e+00
2.827704450822377424e+00
2.861507582622061285e+00
2.644687059629798220e+00
6.718705233571419910e+00
1.225487865730394255e+01
1.989996867701123762e+01
2.109231409567061988e+01
2.121923492948161538e+01
1.598070427722943343e+01
1.960209736157035110e+01
1.635614063188653589e+01
1.011782863877048300e+01
1.703006051376776497e+01
1.349913015134907468e+01
1.272148637803950422e+01
1.981493723481308677e+01
2.704451330469867187e+01
2.569774699511708604e+01
1.596374327521794356e+01
1.154951260025925031e+01
1.016273023915738349e+01
4.823602163330980908e+00
1.601632006915293172e+00
3.645985402984155854e+00
8.560385187478761537e+00
1.173952980364532728e+01
1.512955339438585689e+01
1.501926580179452841e+01
1.179012810611353501e+01
1.208780954429067478e+01
2.238633944386343799e+01
1.100700523632863259e+01
9.274076967858151832e+00
5.564628281520875852e+00
4.229013866466692306e+00
4.110897948930607448e+00
7.081213711065022842e+00
1.878088877925458533e+01
1.790486951899729817e+01
1.608948455520256360e+01
1.531778666432056468e+01
1.351540507140725822e+01
7.964456150415633040e+00
7.661591414852883197e+00
5.668391974316627113e+00
8.646244146061469849e+00
9.494452218869223969e+00
8.799288629484321334e+00
9.753237231707739596e+00
4.241193583504090370e+00
2.992843508489200222e+00
3.322706193925716978e+00
4.746144827866236593e-01
1.021607123822155572e+01
1.538358406361785313e+01
1.802329239331036703e+01
1.365798397659737518e+01
4.355649072931844223e+00
7.047941401297582509e+00
8.432743722648300633e+00
1.652275362658865987e+00
6.612786728633197608e-01
1.421660336629835086e+01
2.177386691605312308e+01
1.515378339642094119e+01
5.725936696140379922e+00
2.674393386120876848e+00
1.616390760260414394e+00
4.496902253675040484e+00
4.699878220309774868e+00
9.151014286845319035e+00
1.032246144168698621e+01
5.716868480665041830e+00
7.242800742160209637e+00
1.043359205293167769e+01
2.197181782716188359e+00
5.072219735361754189e+00
5.674261428093663184e+00
6.768568993520467814e+00
6.270412748920134227e+00
3.737330328359010245e+00
1.020803824536272053e+01
1.594259481404150414e+01
1.616057427173732819e+01
1.098725748288852344e+01
6.547690232799702414e+00
3.857834160641313570e+00
1.140607670383157668e+01
1.866215998635689033e+01
6.085944342349830727e+00
1.034960846118220701e+01
8.316370546966510346e+00
1.377979764251044159e+01
7.267551332094272176e+00
5.035753321637425728e+00
3.364501368718318286e+00
2.726644174092739625e+00
5.834245973191406698e+00
8.561490314549534020e+00
1.140643808435191708e+01
1.136358767188214358e+01
1.882869447709892441e+01
1.230212671900402022e+01
8.475531755245533816e+00
6.049229992573796011e+00
8.680081570153534543e+00
1.852350766076925614e+00
8.863186779443218200e+00
1.155767316297287195e+01
5.460637853433265576e+00
2.482498541712402584e+00
4.242193779710397017e+00
8.665330301900329601e+00
4.222232856836914294e+00
1.237548984167196053e+01
2.088858249354421304e+01
2.368548875746832039e+01
2.081757406495020035e+01
1.739447118323381858e+01
1.376414381449344582e+01
9.280531691333608890e+00
7.830384644465673283e+00
6.345880813464537695e+00
5.667084520066905107e+00
5.236532513158131508e+00
7.558889137628103327e+00
1.217817125161276692e+01
9.899056313264511076e+00
8.083520052092527663e+00
7.517719603117414273e+00
5.330234494429694436e+00
8.792471498478096947e+00
6.001605987368555439e+00
4.027318133337353667e-01
7.937018863770414434e+00
2.462067588503918270e+00
7.145412657623052333e+00
2.436670706341067305e+00
5.335876780322056590e+00
7.897175499808187560e+00
5.519484669477686900e+00
1.360332719455632677e+01
1.747660133528528803e+01
1.945206690208691214e+01
9.823420781499017096e+00
1.187300062375238596e+01
1.379151236714551843e+01
1.046577807790684211e+01
1.231669498040618649e+01
7.401566617242957946e+00
6.242487578130470283e+00
1.830391895497001187e+01
2.098313694102980165e+01
2.063054827545851921e+01
2.098508393930575977e+01
2.170894425295680463e+01
2.002452873074599538e+01
2.393833832959515107e+01
2.400801609929875013e+01
2.163038019746630169e+01
2.084491919877844168e+01
1.425234000303575144e+01
1.211347471088760486e+01
7.050121195266978447e+00
2.039880760065872600e+00
1.067278837950959058e+01
1.343153597116941711e+01
1.526063356932849757e+01
1.085223369142093119e+01
7.698664781276132629e+00
1.391360534156665096e+01
1.664737982220033174e+01
1.671066156947462744e+01
1.045375386407684637e+01
1.250578010777896054e+01
1.830970524298351876e+01
1.544533234782892350e+01
7.624619730086736880e+00
4.987000720077252147e+00
5.272466745279310807e+00
7.950621204536974851e+00
5.800629520485721002e+00
7.416947404264051968e+00
5.576867095324137935e+00
3.442426888077465996e+00
5.672030964629946936e+00
8.516102951046676139e+00
5.942542374647369563e+00
9.726639108495056973e+00
1.381235132566129842e+01
1.583371284491523312e+01
1.480343972120566676e+01
1.161090687521716802e+01
1.770674839406890655e+01
1.742850476386542979e+01
1.880438397120103033e+01
1.578891683683930225e+01
1.238945446278514062e+01
1.469054851792279415e+01
9.928392106276408668e+00
9.446958602921268877e+00
1.191613588943121727e+01
1.171524776805992651e+01
1.813309376281499041e+01
1.825174425976442549e+01
1.748987088874721607e+01
1.692259677629863646e+01
1.870614431722604465e+01
1.078909733761492618e+01
1.192852628453516139e+01
1.201705236736865423e+01
1.460097726282367248e+01
8.529554118164970333e+00
4.164748929865976557e+00
7.770978576552336037e+00
1.383860475029840487e+01
1.431265926411671430e+01
1.673099677565334531e+01
1.307014487695063565e+01
4.964005493725745843e+00
8.837104974713414052e+00
8.855429298050079723e+00
2.877774543830806664e+00
6.752400945122388976e+00
4.952911310479524154e+00
7.546334663328960524e+00
9.648239728123982673e+00
3.525715413596507197e+00
3.213493231298610198e+00
4.821153067527209402e+00
8.141101529599030329e+00
6.967651663563538378e+00
8.263966703754535459e+00
1.234104253456621336e+01
9.000495512481073490e+00
8.419464631787693776e+00
9.592491195772067769e+00
1.040633797509965142e+01
8.696263953179443007e+00
9.590727621162516314e+00
4.622883769041412627e+00
1.098998607364174163e+01
1.120165955885685527e+01
1.030949602004276144e+01
6.269240338699621162e+00
1.687521965134373403e+01
1.721511341114279503e+01
1.325782891362657701e+01
2.169280679259706801e+01
2.597698288589802118e+01
2.300833109727671655e+01
1.627097227207423913e+01
1.273272128466260433e+01
9.725122697675212535e+00
8.143520175026061736e+00
1.040650173107550458e+01
9.440343074165774340e+00
9.859445054964533384e+00
8.432664789599622068e+00
1.766212644292960654e+00
7.784575650999655316e+00
1.334911126788024660e+01
7.666938334667793953e+00
7.083960182723245680e+00
1.041338845665218571e+01
8.272569277237556307e+00
9.321625031742529544e+00
1.275351180672494245e+01
1.559205083736645570e+01
1.656403870330903771e+01
1.667924206874818438e+01
1.273260901755799068e+01
1.621107672631179852e+01
1.752585124982905995e+01
1.452970234326457089e+01
1.136498246594237260e+00
4.983221105401168138e+00
3.718061723854477751e+00
9.587347756041013636e-01
5.171234522264164468e+00
9.047673436384148005e+00
9.016394268764566178e+00
1.183270749828795942e+01
7.459534914196775723e+00
7.479228095778807983e+00
1.190309483033507121e+01
9.344961113112631779e+00
9.818470957285301282e+00
2.917324512870904218e+00
2.350732893158959946e+00
6.890189413980698063e+00
4.073896437352075850e+00
1.002935101837146181e+00
1.118092265357194037e+01
1.569542696787283198e+01
1.660688501840385101e+01
3.525023812560774239e+00
3.904093987791113385e+00
1.897091760909726865e+00
3.457914453813189404e+00
1.355459529172134125e+01
1.643383684879858109e+01
1.827120898325427589e+01
2.311133047902610826e+01
1.664844947076480253e+01
1.439253053788294601e+01
1.136296477547709394e+01
8.081142614452907935e+00
1.524993649532401108e+01
1.956406068705263479e+01
1.776297884095051316e+01
1.268729315374508282e+01
1.232722476491538721e+01
1.120483963889718204e+01
1.531310286772549389e+01
1.299974744957039974e+01
7.275204791462737575e+00
3.369575531074631147e+00
7.194367112868045311e+00
8.840483892406545863e+00
9.959878519436761835e+00
6.437192044614984177e+00
5.353561788300770452e+00
1.303098684105963478e+01
5.835356525563359931e+00
3.468528882265832003e+00
4.692370903908329893e+00
3.285438999093279300e+00
6.156237331279648117e+00
4.683704061023383325e+00
7.341088468102768161e+00
1.632960892931166796e+01
1.248374039392558288e+01
1.648914462951838633e+00
4.297019223414929812e+00
1.438749016285228777e+01
1.175537155772699549e+01
4.346932675699823001e+00
3.767430481521309549e+00
1.031752016279147632e+01
3.551132571774853197e+00
1.322881592720936750e+00
6.932512596037271102e+00
1.346954080027137834e+01
1.401750993989664096e+01
1.140717591683751309e+01
1.287820407818951551e+01
1.203670003993754278e+01
1.630987750829137539e+01
1.065052426168955790e+01
3.843992177313859226e+00
3.068392046424006203e+00
7.940191900120192603e-01
2.004713137094859654e+00
7.323069781864305128e+00
9.938477326730080108e+00
9.599306191155500656e+00
1.382533511709415741e+01
1.368769314376251778e+01
9.158829236155579423e+00
8.359041670822261239e+00
9.496359941579804342e+00
6.154162749693163903e+00
2.958711112660624920e+00
1.532270837728416701e+01
7.509707313193725753e+00
6.100642055555043797e+00
6.909113294686404672e+00
3.951528436339600603e+00
8.857726110690363086e+00
8.807487807554453596e+00
9.803834399733561966e+00
1.204234290989071710e+01
1.507744067880749661e+01
1.599991179435509991e+01
8.914516477820193074e+00
6.977213751841262024e+00
5.965954273196017787e+00
3.667459872729478931e+00
3.867527220720037295e+00
8.662626974529937129e+00
7.855965105327530118e+00
1.416577189886302435e+01
1.495193329674958171e+01
1.698655956604757478e+01
1.329325159719756400e+01
1.393741190651738471e+01
1.099938508252341229e+01
1.035842250725076674e+01
8.068911402612627626e+00
7.701255328412739409e+00
1.546220351885452704e+00
1.078662758522468401e+01
1.377257817089882330e+01
1.666628376246938714e+01
1.818726127369348333e+01
1.784036989453026223e+01
1.776807703910480285e+01
1.721860473546744785e+01
1.565041127831939605e+01
9.331946306825830817e+00
1.168319081332046139e+01
1.217734916419439273e+01
8.910539600295367180e+00
1.142486843144508946e+01
1.404030429611838571e+01
1.750770368624456097e+01
1.731589976340752202e+01
1.152445714329635607e+01
1.888105542740607135e+01
1.981230606854575882e+01
2.256288151523986230e+01
1.981578382776140757e+01
1.124993176574953679e+01
3.006664910661023260e+00
1.007153601328308667e+01
1.048707011973437808e+01
7.475382123850955907e+00
1.042232970820571580e+01
6.710324159991108317e+00
2.713565472785727017e+00
1.030618645647572551e+00
1.550255151618439298e+00
7.005610072833983182e+00
4.622370203798737087e+00
6.258902895611043959e+00
4.487027064559782730e+00
5.968105032678174382e+00
6.206924468862870192e+00
1.007072587418002385e+01
1.811994553185410695e+01
1.688303251851578679e+01
7.765891718431054969e+00
5.409765656575861392e+00
1.083126843247080906e+01
1.499748932923388267e+01
1.378286936145059371e+01
1.207592807601810492e+01
1.496876610034624733e+01
1.202204377648904909e+01
1.319755932235731422e+01
8.314618362743868119e+00
7.355342614965767467e+00
7.309256200988148322e+00
9.216736453465779633e+00
1.391692044303703923e+01
9.697885903764495552e+00
1.052706679405529044e+01
1.023111582087204319e+01
9.417100033718789120e+00
6.472013836456069313e+00
2.916303251243747674e+00
3.064434181124664924e+00
5.489170975175953870e+00
6.057700300553850781e+00
2.709788793329919177e+00
2.961637128420323783e+00
5.067543272100717644e+00
7.021543818302099282e+00
8.553919453484109425e+00
1.113817616793721399e+01
5.991566366889779616e+00
1.260807137291103608e+01
8.189288524635617961e+00
1.913958093738405974e+00
8.362687942860921098e+00
1.221672865341624714e+01
1.380077971061657571e+01
1.776247846613701853e+01
1.567103267943336498e+01
2.603621249880495014e+01
1.594191911956114538e+01
1.073903085526595014e+01
1.266034726898236151e+01
1.104501885366345704e+01
7.739428395512185865e+00
9.114334719738963031e+00
1.296446412888222355e+01
1.256969233726088575e+01
1.383514565531783269e+01
1.396638796903378577e+01
7.818396569870347257e+00
9.791260878197370232e+00
8.404159272303193262e+00
4.811807883702351241e+00
4.612362037583031871e+00
8.646620811952498542e+00
1.102811586823880319e+01
1.569344844766990477e+01
2.623813070871595698e+01
2.394346380899474269e+01
1.528094038995129011e+01
9.170746292630635566e+00
6.778409838014678002e+00
9.225532174041250144e+00
4.602092686528800769e+00
2.532726813508565655e+00
9.468192844566813093e+00
1.107537204391340779e+01
8.019259373414021397e+00
5.343098275059821489e+00
3.918240244026879537e+00
5.828575974222529155e+00
3.840797380933397953e+00
7.670915909632985752e+00
1.220082632905731046e+01
1.191056611472668614e+01
1.083210102976971001e+01
1.310170801837177201e+01
9.633464919014647521e+00
4.635268202747225175e+00
8.370734137658349283e+00
1.687500848260425457e+01
1.501492366719453919e+01
9.373131997300319540e+00
8.091312610922983595e+00
9.251316713386549040e+00
7.840619843058918903e+00
3.273154119559226416e+00
7.063705116992010424e+00
1.042016886705385303e+01
6.452836856209148486e+00
5.144318872918064223e+00
6.207811598731410641e+00
5.452001845396204693e+00
1.927736112323344964e+00
4.787044319352532717e+00
3.834809341088558199e+00
9.808339021904250998e+00
2.279289903244702131e+01
1.671749520562798352e+01
1.473742202068119234e+01
8.395072624969747821e+00
4.133093331903763712e+00
9.762690036322274167e+00
1.145640289170035864e+01
1.334661328606979325e+01
1.335082148766108823e+01
1.643140597776405443e+01
1.734949450155164641e+01
6.374515649345530832e+00
1.130951337097366505e+01
1.334858677842841068e+01
1.938217630605114650e+01
2.251276739947953587e+01
1.345628334927143577e+01
9.295873127335402941e+00
7.146465159690563951e+00
6.899121716901199797e+00
7.486135324691673532e+00
5.697018552465651808e+00
8.262879052032625182e+00
1.299411291095285925e+01
1.167171786439489622e+01
1.006878082425465237e+01
8.404562420482152518e+00
7.625077290186381695e+00
9.948481833904267546e+00
1.143217089218016191e+01
1.001478931759409718e+01
4.408878698719193245e+00
3.060969500737635851e+00
3.006303500266712447e+00
9.045021684355781133e+00
1.477973778000213301e+01
1.133235216791504740e+01
8.770326482515176991e+00
2.121100743084394669e+00
5.757888279099638851e+00
7.617555341585936723e+00
1.319703326312736458e+01
1.153736511188189873e+01
1.153004514628822719e+01
1.448864664456857021e+01
2.000291182303467963e+01
2.143738362522305962e+01
1.797313593172823332e+01
1.529674936828927301e+01
6.676310828623718052e+00
1.213363574214988105e+01
1.021901068895763665e+01
1.279568335556989211e+01
1.780529358742979440e+01
1.670795669827428043e+01
1.790876268454454845e+01
1.420617314655723895e+01
1.668296672552074966e+01
7.545626005593407903e+00
1.342206524985092919e+01
1.568266538463198501e+01
1.579881767709655449e+01
9.433569194869370733e+00
8.866734163796506252e+00
1.071438416637368896e+01
3.269105157472386836e+00
3.713456021667547624e+00
5.956400456966935764e+00
9.541771138812970676e+00
1.018218783638202396e+01
7.372899103982193836e+00
1.147234538757784250e+01
1.342609412780176825e+01
1.839649441610993819e+01
1.568024036347528494e+01
8.705263982322017924e+00
1.305988574012602399e+01
1.021222281012030386e+01
1.423734372120065217e+01
5.370308411005332516e+00
9.780508114578571721e+00
1.372673012006768190e+01
7.347611276521775814e+00
7.428205474865054114e+00
1.082092448039453991e+01
1.048736099135015465e+01
1.074497879737945283e+01
6.881379685866991558e+00
4.133270912422841725e+00
6.089001506405461228e+00
9.565591502967949467e+00
9.845961523349229694e+00
1.405901013258503518e+01
1.953019835114410085e+01
1.531778762224947421e+01
1.453668748132252730e+01
1.685599336788076741e+01
1.725089533884773374e+01
1.439073048303198732e+01
1.199877326035431579e+01
1.357174883812990274e+01
1.414535257634330456e+01
1.625489392952321666e+01
1.257741709786548157e+01
8.884458177347587693e+00
1.009231894817008879e+01
1.388408058054563554e+01
1.206270392473962971e+01
1.340192794422592115e+01
1.283617750012197511e+01
7.832000497955228013e+00
9.249015171118525558e+00
8.876732083839824483e+00
6.724999702941014235e+00
8.542710402460079067e+00
9.727095301363117841e+00
7.102795676635461852e+00
8.338852023447472561e+00
1.159723666891583527e+01
1.254267138575622198e+01
1.487859096502817025e+01
1.392800730235687467e+01
1.666896415847196522e+01
1.860730117295861064e+01
1.193752945329755732e+01
3.387945749502805803e+00
6.150965522987893230e+00
8.010956641249860510e+00
6.419330753795708056e+00
1.286036232273774615e+01
2.019201397843395540e+01
1.644419937620044792e+01
1.284373561457707247e+01
9.100872458367758711e+00
1.280631881725893528e+01
1.700968173755526180e+01
1.859545709474824804e+01
1.892395768788342991e+01
2.132775653114288517e+01
1.774584891566409794e+01
1.138265321899702798e+01
1.085562331261200697e+01
8.419370461926916960e+00
9.442825974063056904e+00
6.757390117535408081e+00
7.882322683395223351e+00
8.489656520019305930e+00
8.548853004778338871e+00
8.783181153478984982e+00
1.658484378969325945e+01
1.930405135391218607e+01
2.329842381089797243e+01
2.531109213495568966e+01
1.922236852201918822e+01
1.789010732752656452e+01
1.953855332009231560e+01
1.315890237771533222e+01
1.003583198347951111e+01
1.346701130360046150e+01
1.098353102106747592e+01
1.339298869165385319e+01
1.401724627930379263e+01
1.203626285324190803e+01
7.672381451885980752e+00
3.017418499658921061e+00
2.595342630303295373e+00
6.493145886440628622e+00
3.754217705165789898e+00
5.097404843743962743e+00
5.404834122984870426e+00
5.610422883813750872e+00
1.406342842017974348e+01
1.763316210849440679e+01
1.846576498603788963e+01
2.245064052741050631e+01
2.340710259336279719e+01
1.830172384281214448e+01
1.558663946150850066e+01
1.152979188729139182e+01
9.086301055374567781e+00
1.124117160055196862e+01
8.910033809446339603e+00
5.767384463322783539e+00
7.958812589493758693e+00
1.182527270995588786e+01
2.525019149184085876e+00
1.010546512899080263e+01
1.310890380630611851e+01
1.053839548030584261e+01
3.570582998182101342e+00
5.748913215495887741e+00
9.242660973326490392e+00
1.650751166380296198e+01
1.656651882869952530e+01
1.656855914044043843e+01
1.732484530134352951e+01
1.678553769182025945e+01
1.700598036136232949e+01
1.978742937173050720e+01
2.071395764219403546e+01
1.957641868773936267e+01
1.565118025713079319e+01
1.211686584721623916e+01
9.940899971503965205e+00
1.258388970080625668e+01
3.511977205468959085e+00
3.116150788363653668e+00
1.171459637659872044e+01
1.191982997345722595e+01
1.191478450491254293e+01
8.199266590264160826e+00
8.974919975921219262e+00
9.140624187805244105e+00
1.028479725313972182e+01
1.334275343153692894e+01
5.297286460536476227e+00
3.140912746452572790e+00
1.067995293001744228e+00
7.324988044135541720e+00
1.118955526736022499e+01
9.822924377757791703e+00
1.383421693326269342e+01
1.619567753021592438e+01
1.825903799267260297e+01
1.464270923291421234e+01
1.636565265364857780e+01
8.571336331228998517e+00
3.243768652661494389e+00
2.314236930340940024e+00
2.556194545499147708e+00
6.194279846412643842e+00
2.309692272645599953e+00
1.162613634984151822e+01
1.354445708084097966e+01
6.761164549350176856e+00
8.128137202847437237e+00
5.737729542302638652e-02
3.410253171712133824e+00
7.761895431589667993e+00
6.552623814077472630e+00
4.059064468840844597e+00
2.888966604320688081e+00
6.158348579311969218e+00
1.573269846164443919e+01
1.604162028344000035e+01
8.151678394902839742e+00
7.684520438672755915e+00
8.108686099327933050e+00
9.708705441413178150e+00
1.211310790823252148e+01
8.448880983651866572e+00
5.327185756089147795e+00
8.342284500174079298e+00
1.374621850152841418e+01
9.712683296834580204e+00
1.044965271408134377e+01
8.341515276087253739e+00
3.582170146153436097e+00
5.892470585038102726e+00
3.974840752457825310e+00
4.952345731053870104e+00
6.587375893067331845e+00
3.548963263178085192e+00
7.416703960988705546e+00
1.456318631999187119e+01
1.496409135043149163e+01
2.065107665523591862e+01
1.661279712212343185e+01
1.728193780030367321e+01
1.593390601341786628e+01
1.354110227905015762e+01
2.130746832380580003e+01
2.889193293086528413e+01
3.059973641791482635e+01
1.391490817274028124e+01
1.187224045478376766e+01
1.134579576865350781e+01
9.436581761477112806e+00
7.098931482197135878e+00
1.181554495151038431e+01
1.097504175490017708e+01
1.090810876799439555e+01
1.245092292919398780e+01
1.044156870331292275e+01
1.369336993981058725e+01
1.381009455563456889e+01
1.024634889096966006e+01
3.657141175375370867e+00
9.064091534955323937e+00
7.905226551087727316e+00
4.417744090185244055e+00
1.042867165520316952e+01
6.711166685728522374e+00
5.500221406239066191e+00
1.684377455321085737e+00
2.979819494073283170e+00
2.035912786081377046e+00
4.018600978007349056e+00
1.675125931759828379e+00
1.465699381209829344e+00
6.147035632103206915e+00
3.471654228086418659e+00
6.597381534132078507e+00
1.414266213175483067e+01
1.579659160435329568e+01
1.253171255613339596e+01
1.287314113653482295e+01
1.496573923068501522e+01
1.430593329965437910e+01
1.154589394069445518e+01
1.436223549969738222e+01
1.509609154749849758e+01
9.269142851723540133e+00
6.178528445035889938e+00
5.185593512838493346e+00
3.943525527518963347e+00
6.557796760132453606e+00
5.752709823355700358e+00
4.958870702181367385e+00
7.566211708323954177e+00
5.438323194266068583e+00
1.072095913821335778e+01
1.115888306285710030e+01
7.224304234278049464e+00
2.170917119598104961e+00
4.860086093704111043e+00
2.939345676676166974e+00
5.576826406336104824e+00
1.207236466285409549e+01
1.547251531101163735e+01
1.742968881193421993e+01
2.088079428194911102e+01
1.766428250337486716e+01
1.560107929667877613e+01
1.587670221274591853e+01
1.580480395241918856e+01
1.259024978540742978e+01
7.438679538520239554e+00
6.788149649606266323e+00
2.290833544332712801e+00
6.650045796462544345e+00
9.782779706733741421e+00
3.492027123463613769e+00
6.256375935594586046e+00
3.422892666201721390e+00
4.801044792027642671e+00
4.979570975383508902e+00
6.561915435850522726e+00
3.181733720205004889e+00
5.686303681551349243e+00
3.650866950076299133e+00
6.019547676999479791e+00
4.630418538183169730e+00
1.478604063592425177e+01
1.132671840715463674e+01
6.513460184543168552e+00
6.614719622146537858e+00
5.508838906901112331e+00
9.315418816490666387e+00
7.691074738425639268e+00
1.076575183528668944e+01
8.142393910596720019e+00
8.978594638291339081e+00
8.911522417527836026e+00
6.890637912807879850e+00
1.176185031488189203e+01
1.502088624629666036e+01
1.159225480250338691e+01
1.108038904553962034e+01
6.412521696535553595e+00
6.845140299882030099e+00
1.052394960124349765e+01
1.233739312614875239e+01
1.379438636988462186e+01
1.669948068987038425e+01
1.776331190121123171e+01
1.603029924443402265e+01
1.732938885315043720e+01
1.649403821044069929e+01
1.665809851098573091e+01
2.135294191199227498e+01
1.664114552408536341e+01
9.470465160797342463e+00
9.998132732045238669e+00
1.071951667186677781e+01
1.322759914870961495e+01
4.711367832378585696e+00
6.379129842308427278e+00
1.451234170923444111e+01
1.602212704238895213e+01
1.496904182637859648e+01
1.529943446738946555e+01
1.273572993552360444e+01
1.030130420535580349e+01
1.019436802563509659e+01
1.216141886784535053e+01
1.172003332782547425e+01
3.975419859072971018e+00
5.387122763970739747e+00
5.283970588701468074e+00
5.951512781346430359e+00
9.027807615733534519e+00
1.081957348893802973e+01
6.176334617803930449e+00
1.069725677501575944e+01
7.582639706955880854e+00
9.896908671057790485e+00
2.699819594907574949e+00
9.995902307885220495e+00
3.163968417176854953e+00
1.614542046076544723e+00
1.262154320231571258e+00
7.435599626105946491e+00
2.807355274299637493e+00
7.454993788442994429e+00
5.991369224868808629e+00
9.142422996755080078e+00
1.889927597801137438e+01
2.289117520043651766e+01
1.573274970424453478e+01
1.312780934793189758e+01
1.067105668434418675e+01
1.068639953355697614e+01
9.331776994425613481e+00
9.165588101506179086e+00
4.972772366927119769e+00
8.396865846011969836e+00
7.744815892642319177e+00
2.773295464125378196e+00
6.003480602721334769e+00
6.474964119073120195e+00
4.768933897578138570e+00
9.900230577546192734e+00
1.109343434570313214e+01
1.328983510560529702e+01
1.203313167579137755e+01
1.193965834359759448e+01
1.410304522396062055e+01
7.908084554495432350e+00
4.066930623437195358e+00
7.834277850620648742e+00
5.320788416249450314e+00
4.885239236174017563e+00
6.279159235858410071e+00
1.606787594049579937e+01
2.051093573736962128e+01
1.345472494697492927e+01
1.343389248907882028e+01
2.093663705305583989e+01
2.298945959498077585e+01
1.749850265585230957e+01
1.983662804876243868e+01
1.726791937509121766e+01
1.899832661303029369e+01
1.038304262062193573e+01
4.287766216115962870e+00
5.850235760692563680e+00
2.802098359113891934e+00
6.316684250976283721e+00
8.200054001016090055e+00
3.391815149689071163e+00
5.383528235106721738e+00
5.252763962808639775e+00
2.051434435029824588e+00
5.788103339385790136e+00
5.684643835414615154e+00
4.451486458995157491e+00
2.653730102632864352e+00
1.434077741215868951e+00
2.004461665181838992e+00
3.326832492951951714e+00
6.831654239454888256e+00
4.419945895681943071e+00
1.043598323006054152e+01
1.837381407495456997e+01
2.042596905838319898e+01
1.435674620824084613e+01
1.047259797794854386e+01
1.091796847905819767e+01
7.670622228170749679e+00
1.218552346692575128e+01
1.326450444648739335e+01
1.416274718213218087e+01
1.598498876067690233e+01
9.804368124430432374e+00
9.841828392923027025e+00
1.421768245250183682e+01
1.108821845899678493e+01
7.569179279035301633e+00
3.686039686130472948e+00
5.444252071231728607e+00
6.636451874885044511e+00
6.128121869696585122e+00
9.485926755260042142e+00
1.067469840890031563e+01
1.434567037913965137e+01
1.517594511385066625e+01
2.124716156493542485e+01
2.211849500399626933e+01
2.239755714428762090e+01
1.653160393124938210e+01
7.273431193078669033e+00
1.040951470105873078e+01
9.557710427444348511e+00
5.430425966273477734e+00
9.703013496968333484e+00
5.197930078053898839e+00
5.347443701154405815e+00
8.159424093250255083e+00
3.282213325655573666e+00
3.244269637155078101e+00
8.008421007732186681e+00
6.660230167867401185e+00
5.918197857091339387e+00
6.086438354698017861e+00
9.565410700075290151e+00
9.761949060059150085e+00
7.057158871058629934e+00
9.987225804712805299e+00
7.828951130966936844e+00
1.074653439821948098e+01
5.901169778492444173e+00
8.096361385463936244e+00
1.287864721588542594e+01
1.110665156471657689e+01
1.264770893349664682e+01
8.435802951690391183e+00
2.115345655159094562e+00
3.890617704126817511e+00
1.112360316228621038e+01
1.073273959695920965e+01
1.090340399766053991e+01
3.387435698005767826e+00
1.015284445004681224e+01
3.988002895616151733e+00
4.951291354550122037e+00
2.138337667332067316e+00
6.354774148225100561e+00
1.180183449181939892e+01
1.633097766992201016e+01
1.247940472694974900e+01
5.865080485255200315e+00
2.580633670029688798e+00
7.165490604650006645e+00
5.879905232814758520e+00
2.252587150411704986e+00
2.113588975148431803e+00
5.594577824430405855e+00
1.178995168234214574e+01
9.981715299806124264e+00
5.138410638710558587e+00
7.914543037094089684e+00
1.584281032187274185e+01
1.453088750311317057e+01
1.229276639868510657e+01
1.200959053461006398e+01
1.015280672114388238e+01
6.064097754332119727e+00
7.666517547331467064e+00
2.768627025356158455e+00
5.368071873098488211e+00
8.832293808173629301e+00
6.362065913342761725e+00
8.127610759916288341e-01
4.605577002220636373e+00
1.166003107837184061e+01
1.464171107406526495e+01
1.804947962080107615e+01
1.125666801793951777e+01
7.115774513625875208e+00
7.419234450990996876e+00
1.424569866293399656e+01
1.664918719759969434e+01
1.191913448926078978e+01
1.060390256083614702e+01
5.999569043214389552e+00
7.754669909542767137e+00
1.139312466491158560e+01
8.231363431039348200e+00
1.095901513642255765e+01
1.185060578360249650e+01
1.753145497520389995e+01
1.318746314888364779e+01
8.383952881639430643e+00
1.420782008438345656e+01
1.438112755377068730e+01
1.178495349892981992e+01
1.529163481249661949e+01
1.260159341333795169e+01
1.460670589076822168e+01
2.042744017458825923e+01
1.218207142897980688e+01
8.136292129076053925e+00
1.166379302887244940e+01
1.190753473385563765e+01
1.584623850294539160e+01
1.688853100845328825e+01
1.783243658325536174e+01
1.595488916735497931e+01
1.582429783574192506e+01
1.890660397295668460e+01
2.091949707237165512e+01
1.413640473053967028e+01
1.868288085475780491e+01
1.969441086562643406e+01
2.242236176010345972e+01
2.641638476549878689e+01
2.211232930900421678e+01
1.567966775008856395e+01
2.008088260808261083e+01
2.249386530956609676e+01
2.530030158918412653e+01
1.704569589924762241e+01
1.495273179962433652e+01
1.891916751024720966e+01
2.209154076751563522e+01
1.963861899564650315e+01
6.021340297260988628e+00
2.542356103311295357e+00
3.298078385555895498e+00
3.595009234816389121e+00
3.134318413206577780e+00
5.379207154689444437e+00
7.842557833071967188e+00
8.804063154520637369e+00
1.170587252781201570e+01
1.213856133959285444e+01
9.857180031894133165e+00
8.140613654785546771e+00
8.212140250558171317e+00
1.538422247893130645e+01
1.194058094842690565e+01
1.923878184056853957e+00
1.027164899434379386e+01
1.471373879674857221e+01
4.296538959829140580e+00
4.567141308783245535e+00
7.970363790421899353e+00
1.010265097767937803e+01
1.691613369984666804e+01
1.121079009056586884e+01
8.449148882941807770e+00
1.171784291539162481e+01
8.016269709975201607e+00
2.294225740250861012e+00
1.063998984720508467e+00
1.031427001981236602e+00
3.119608482503684499e+00
8.056715639691216069e+00
5.620281499695826355e+00
2.350420773519844353e+00
1.206276496271201815e+00
4.843093081247559439e+00
1.138265387818592345e+01
9.555320594827584557e+00
8.281796600335608716e+00
3.162398574170906862e+00
9.077707373900894439e+00
1.364778795563912794e+01
1.524453199177331086e+01
1.072080380705289215e+01
8.497166057054174715e+00
6.060439618062866352e+00
9.177734232481126853e+00
5.832864812052633852e+00
9.803399128987798861e+00
1.026686937082480711e+01
9.690359471936076829e+00
5.674570187613303673e+00
7.230728400436722936e+00
1.401051009787889434e+01
1.200877317968654445e+01
9.595272710824016116e+00
6.288288274788627064e+00
7.634163347428569502e+00
8.647926064788434175e+00
7.778938902454265225e+00
6.364325360917320040e+00
1.095132065778934205e+01
7.752950853501716644e+00
4.259583605051565414e+00
3.264596086589480084e+00
4.884411252341548604e+00
1.073385075730144322e+01
1.208714390082625911e+01
5.164290718279655579e+00
5.681449435746448451e+00
1.008595411755289994e+01
1.010250998405703626e+01
9.493123162882653787e+00
8.801851228913141867e+00
9.148513056782837438e+00
1.171795691689201036e+01
1.019050486011522771e+01
1.159169733861077489e+01
6.510024631007576446e+00
1.495109116003611582e+01
1.467349397257143018e+01
1.105315728312112356e+01
5.769418458928513793e+00
7.851314231196012905e+00
2.618063266054367233e+00
4.364311274791081274e+00
9.613153362005547820e+00
7.634761288430315318e+00
9.929109590732432267e+00
7.100855028689725401e+00
7.210285151081253119e+00
9.574147907211424169e+00
8.595998763463192915e+00
8.912059805133422330e+00
6.112821082305277542e+00
4.913214005471957080e+00
9.518783135053494604e+00
1.106316185121661277e+01
1.213582445049494041e+01
1.312476042276534116e+01
2.147372139210905573e+01
1.970701524756751155e+01
1.360678974150195586e+01
1.061807356604998809e+01
1.278886326995668554e+01
1.706130743660733984e+01
1.823616294137896077e+01
1.543800523216859055e+01
1.074728491205935832e+01
1.296072836785931592e+01
1.221302177133660116e+01
1.588658075706456785e+01
1.219698470093863918e+01
7.964066237557099193e+00
9.550015027158355707e+00
3.619637214063946562e+00
7.478107014614819192e+00
1.314047753286939191e+01
1.042973203853840047e+01
1.214662231581019824e+01
1.701522893647571877e+01
1.755082825501461485e+01
1.378699752424348013e+01
1.685884780491305435e+01
1.772120997920398366e+01
1.571302866584701796e+01
9.099689250926349615e+00
2.343156335162181581e+00
3.987013917834437926e+00
1.031667375980771340e+01
6.570253387069302065e+00
6.898395209435816078e+00
6.671970556654969187e+00
7.410822209749678535e+00
1.646293390845588345e+00
6.161275445195114386e+00
2.988257812485091147e+00
2.378981561798541478e+00
8.395435665350033716e+00
4.001658848076280250e+00
8.694541839625953727e+00
1.153151199816022654e+01
6.895501528642262734e+00
1.100878111528592740e+01
1.369321429061864848e+01
1.289109406433051674e+01
1.500451277433395170e+01
1.860837632877377601e+01
2.298896044548211037e+01
2.090548586647459928e+01
1.697020522451779811e+01
1.271578639620526374e+01
1.092953244309389049e+01
1.061365267332990037e+01
1.125316426232306277e+01
9.880006800027762992e+00
7.441907937074422108e+00
3.414816824576014653e+00
5.028190064849069607e+00
2.714290274613647025e+00
9.878251652856894438e+00
9.002242894354738567e+00
1.120752895180477893e+01
1.139103152560158883e+01
1.313218814013416491e+01
6.941540388162408703e+00
1.187791516116043233e+01
1.190658621731911104e+01
1.028139855696053218e+01
6.836629378243182842e+00
4.210376306209754560e+00
7.885702144424903359e+00
8.538378672506755862e+00
1.467607290889497307e+01
1.179228844141834109e+01
1.013752410213434629e+01
1.112977107258013021e+01
1.213114222100635686e+01
8.801404981668015992e+00
7.092315386483917017e+00
5.661422143286445774e+00
6.555486006631686458e+00
5.822999031316084206e+00
1.044591398887499700e+01
9.216691842655706068e+00
1.221927124214119198e+00
6.565154610957167236e+00
3.700161271932402851e+00
7.082310728591011184e+00
7.252476015852018065e+00
8.789607114222787843e+00
8.437240840049513579e+00
8.505193471112569625e+00
6.971577866652012290e+00
2.994492802333122761e+00
1.000457863733085873e+01
6.496094237729813869e+00
2.767366242060110615e+00
7.905388912850392913e+00
1.075757474241421541e+01
8.091032493625970545e+00
4.702764512153415843e+00
4.862764141960339792e+00
5.257470750978482599e+00
5.177778476422697729e+00
5.359778634963239696e+00
1.084777106585162088e+01
1.922459987435347273e+01
1.420542035699973660e+01
1.287567120893736572e+01
1.371480273361972202e+01
1.446484909752834902e+01
1.488079790637107180e+01
1.209496837490460663e+01
1.506065650184289595e+01
1.202992568114904337e+01
1.912302167948942611e+01
1.725042318930699636e+01
9.885752526288998254e+00
1.102204822529504114e+01
1.242314738451933742e+01
1.005395115238314929e+01
1.054807099230605161e+01
9.851108086563522548e+00
8.167576579351326416e+00
1.662587219115914650e+01
2.302849310593941112e+01
2.511885766605224291e+01
2.655385251861516593e+01
2.521970998771756101e+01
2.428331023199305250e+01
1.808354776692473820e+01
9.524979850280736571e+00
7.592218724698475363e+00
1.245225021967364754e+01
1.869642371713829476e+01
1.431142610808007021e+01
8.186307697482845924e+00
2.732591795664299106e+00
6.810938225122725953e+00
6.184920508072874412e+00
5.531201984378944836e+00
5.082342772746541115e+00
1.219191715247968233e+01
2.079261774503695293e+01
1.843042253441008427e+01
1.234629969983322439e+01
1.175426723605583135e+01
5.456479251108793171e+00
1.134823927334164217e+01
1.305708807336040778e+01
1.163662876705724969e+01
1.511536927026237720e+01
1.553051634097773359e+01
7.650970664394351139e+00
6.459876549146358116e+00
4.083089595585494891e+00
8.118290309900977775e+00
9.560502161393330312e+00
4.019005461954348490e+00
7.716318198373524950e+00
9.857352504021744011e+00
8.046887088643499553e+00
8.446565360687667834e+00
8.660410023471808216e+00
8.628222966874615096e+00
1.606906362728219761e+01
1.870149227596829533e+01
1.547940499904903433e+01
7.813419239736045796e+00
1.362189177378239524e+00
2.890336654817410533e+00
9.856266057795602720e+00
1.337294262833017733e+01
7.317562194744269277e+00
6.034817804789897266e+00
6.602885017399664491e+00
8.232314453222937090e+00
7.096408963486253718e+00
1.688956825394155592e+00
4.688576728326795617e+00
2.452767430817129224e+00
9.360322756763920893e+00
1.354689159403376131e+01
1.757096449459329435e+01
1.222229658682799069e+01
8.423899180352012905e+00
7.172514061837500066e+00
2.151709542653073459e+00
7.627983565674053779e+00
1.294325799888931172e+01
1.472200269752754664e+01
1.797630046902452960e+01
2.187605116333067201e+01
1.609873713751496993e+01
1.859897258497623085e+01
1.609843617719113951e+01
5.140998224071812395e+00
7.170405230069381020e+00
6.102909783373339891e+00
4.682972975657370363e+00
1.592854763608965385e+00
4.143231096203398245e+00
7.902148437681702831e+00
1.277089910602852640e+01
5.961866490029416710e+00
3.404578484332522414e+00
7.170962112431318758e+00
1.565809926914886141e+01
1.590690844340505450e+01
1.503867641599714311e+01
1.371454790427034354e+01
2.049241254506329568e+01
1.869001510688304180e+01
1.385075706637106840e+01
1.321435297327061065e+01
6.624762518860563887e+00
6.565208298727571723e+00
4.874329804728367854e+00
4.164807001861723812e+00
9.496889180963410837e+00
1.237217006847689404e+01
1.742838701984641148e+01
1.581240935947436554e+01
1.038270274098510804e+01
9.559940770442102220e+00
3.088108274332630909e+00
3.541997331729248799e+00
5.178631584857088299e+00
5.328972110204074575e+00
3.741873093916036730e+00
2.908228791417400316e+00
1.117167575744274721e+01
1.486827183949705322e+01
1.398666149378319723e+01
1.313860175938974528e+01
6.122222119951317154e+00
4.476666009545909652e+00
6.000129505404483865e+00
8.503436514234495647e+00
1.061552025600471083e+01
1.349557401558369563e+01
7.155172396951209990e+00
1.260712349227414464e+01
9.276574723575901515e+00
3.377557205983190869e+00
8.746403712291746402e+00
9.527850523498166524e+00
7.123400549523223546e+00
2.464068579444214979e+00
7.210798345219895822e+00
9.849795349936958377e-01
3.622868804982579238e+00
6.768513198207043224e+00
4.147863343777995482e+00
1.164128070618893318e+01
1.194396069076807265e+01
1.410457366862347506e+01
1.953589172191669476e+01
1.863473309106338505e+01
2.169115119633415745e+01
2.179135624486966094e+01
2.305405768863853666e+01
2.107344528983997378e+01
1.644856737267208402e+01
1.212373386782805795e+01
8.659611602822037568e+00
4.496007105628829770e+00
1.427291181949040677e+01
2.179197508777868109e+01
2.860488816535307066e+01
2.940775716602867718e+01
2.310452700291644490e+01
2.032582716818646773e+01
1.638599052038367887e+01
1.637721805810938491e+01
1.088098789613945883e+01
4.403755481933703919e+00
1.895315713295998572e+00
5.580108123017560651e+00
8.207171281379389782e+00
1.026277256813692773e+01
1.525686150905354665e+01
1.863116852825732650e+01
1.572558979686446357e+01
1.085228812904608731e+01
6.130446482300446753e+00
6.732785158741196874e+00
8.093036511888950457e+00
7.334071980838321458e+00
7.789555730231555231e+00
1.038900002737184813e+01
6.994911206082489841e+00
4.881589053188922556e+00
5.766301729514479391e+00
4.719124922887786511e+00
5.298939366197429557e+00
9.245193455225354739e+00
1.026380771749139065e+01
9.388052153755200635e+00
1.772321558043174505e+01
1.123164014856198989e+01
8.231607523707660690e+00
1.108069271749550389e+01
6.277133959474966218e+00
5.909082150868345096e+00
1.074521085406118459e+01
1.255121820124739607e+01
1.131171490981294170e+01
1.314166402221797725e+01
1.217750188859704608e+01
6.836216311211824603e+00
2.332871548981795495e+00
2.623524281178837292e+00
2.078643723429521728e+01
2.223822678875354697e+01
1.363330428268879224e+01
9.795989338630784360e+00
1.246131094238254455e+01
8.307630416735218404e+00
6.523836190689037196e+00
8.166072935647187947e+00
9.150945739406623147e+00
7.630999275855644193e+00
1.135426520526275063e+01
1.612431686890455751e+01
9.042941078466375515e+00
7.238211464982940768e+00
5.026710516660406469e+00
2.612640487571185943e+00
3.566074856655760072e+00
1.156633170005740752e+01
1.467258730471801087e+01
1.422615540709224469e+01
1.615393489186117648e+01
1.058738128762323782e+01
1.384089276591020834e+01
1.726077587354111387e+01
1.511681034174872273e+01
1.624053933261738436e+01
2.339989766393266279e+01
1.756053582366413934e+01
8.607792993308002849e+00
5.306444703440556410e+00
8.044343637042059569e+00
8.666058741068049187e+00
1.283066725594985691e+01
1.432744857555960927e+01
1.923267201737001741e+01
1.968216478635681099e+01
1.988240897063872481e+01
1.849026355857163040e+01
1.907331363226435883e+01
7.561887251610055927e+00
7.233416385822795114e+00
9.627710478455847820e+00
8.179784193892832178e+00
1.285173826569794997e+01
1.250777420952447727e+01
9.670840574310034299e+00
7.062052421226719723e+00
2.645132348263689259e+00
8.963369419498393498e+00
9.941418399860701527e+00
1.661706895195238332e+01
1.243401144645035217e+01
3.603858185637524691e+00
4.450821310332807812e+00
1.297527827069223427e+01
1.147526603739452256e+01
3.796212580972743389e+00
1.047150152554847224e+01
1.657375568594736848e+01
1.265642090903787320e+01
1.819382619305690696e+01
1.368841052084697907e+01
1.259772821112771979e+01
1.177945041430673712e+01
9.289050929906069953e+00
5.076422148228819431e+00
3.396078474378027678e+00
3.766710360022181181e+00
7.153121017668610193e+00
8.280687838645000909e+00
4.761005207590470079e+00
7.667840890522965580e+00
7.436368801407078344e+00
1.073832648439351267e+01
9.907496006417865431e+00
6.689151001476735026e+00
8.846939370375022094e+00
1.745002713031916741e+01
1.611736077383861598e+01
7.058940515644850144e+00
9.565563234430657147e+00
9.086578403718693409e+00
6.604588114436240609e+00
5.383542450519506417e+00
7.049213653018965076e+00
7.237991049867269489e+00
4.421761634936559382e+00
3.875584860519147856e+00
7.104645029597032035e+00
3.586003541007807272e+00
2.469289259689066984e+00
1.562274956102432100e+01
1.504024564625479599e+01
1.311155403787568119e+01
1.279343381732974727e+01
2.012327507906979207e+01
2.808254357264447520e+01
1.475845130768405156e+01
1.786765001311869838e+01
2.227536929408756805e+01
2.801309639162241893e+01
2.682671127318808857e+01
1.850559976107130922e+01
1.013990874934781239e+01
9.995158800144505307e+00
1.279078849461701139e+01
1.722240115864158128e+01
1.482764828190298267e+01
8.728864977153724780e+00
3.666272919461103008e+00
2.560669409544986674e+00
1.203723696308064817e+01
1.082344337099378606e+01
1.166286869648100222e+01
1.224974908654086825e+01
1.585745828586510697e+01
1.677635552422749043e+01
1.270050568731708296e+01
1.158201150541902713e+01
1.221838847062909394e+01
6.586365753405335255e+00
1.159023975777633453e+01
1.475628616940326765e+01
7.250634714602975706e+00
3.688678319308253517e+00
6.367216303314637837e-01
6.820947761823731526e+00
5.831804783246284707e+00
2.144202659408867895e+00
3.424539135930309897e+00
7.575426802057251052e+00
1.117014794465078786e+01
1.569255886843483871e+01
1.687301690189070058e+01
1.061594718182057484e+01
9.644918713666761789e+00
1.609569948518617011e+01
8.661674661763253624e+00
8.570962721823571329e+00
9.359261159732348290e+00
8.469298864872360610e+00
1.800572507979472325e+00
4.777630567145749296e+00
2.693220039436372115e+00
2.303523659384350886e+00
2.695669807801035489e+00
8.209969242973437886e+00
1.897202366085401692e+01
1.682906447530838179e+01
2.321542502768135208e+01
2.518672025127829528e+01
2.108008005259538109e+01
2.134816206564807572e+01
1.761582928477346499e+01
1.544806414359603686e+01
9.630101306959838681e+00
6.387300523336111979e+00
3.486778202776270152e+00
5.605499421901819268e+00
6.959426302182612822e+00
2.452292646404635956e+00
2.983489313452078129e+00
1.221804352221701251e+01
1.291608716756923769e+01
1.421988513513586483e+01
1.121436838556866533e+01
4.636279394890840955e+00
1.110699058065435629e+01
1.017128961432755219e+01
1.070207327581428913e+01
9.514987636646912605e+00
1.614937126919854649e+01
1.836556558347584911e+01
1.778406154288927254e+01
1.779250488852477474e+01
1.757430003252627415e+01
1.671657431842985631e+01
1.526831279578446221e+01
2.051205620627182213e+01
2.421536875713912096e+01
2.095341524709009207e+01
1.714958993256403019e+01
9.945636090815199282e+00
5.168383833897040702e+00
4.360039988019269508e+00
5.022813201110728265e+00
2.569553723694675718e+00
5.811767474709233383e+00
9.865592979653275307e+00
6.653839839990157046e+00
2.591900072204982752e+00
1.270435174423763058e+01
1.399010113282327694e+01
9.375505721201220055e+00
8.594132971920057429e+00
1.275878658124810983e+01
8.454664339348276769e+00
8.604251581772450308e+00
6.034732416905818297e+00
6.383459408207034613e+00
8.924986062683563759e+00
6.981891717800539965e+00
1.168526776143863799e+00
5.548735989796868218e+00
7.292666203152281312e+00
2.498601081284812953e+00
3.121068362677644092e+00
1.342874564977109220e+00
8.427147614066953452e+00
1.400833231980329607e+01
1.496669799984756466e+01
1.015473133766430003e+01
9.722891120773496709e+00
7.242289675792564552e+00
1.274481039707152874e+01
1.118542352683128627e+01
1.183591300338701657e+01
8.666844608354171697e+00
4.374499566262734618e+00
7.136093330921653433e+00
7.962221099143048875e+00
1.024407265651589327e+01
5.295652127612050286e+00
3.258474250686733686e+00
7.893186622851149359e+00
5.474415831607640115e+00
1.188095587936308384e+01
1.660374808695675952e+01
2.189107312145075923e+01
2.150363714056244646e+01
2.374984320926275316e+01
2.568347788993281711e+01
3.149183444369523599e+01
1.559349321409053246e+01
4.544158531336467632e+00
8.018871194944837910e+00
9.093004484862698078e+00
1.204429214444150276e+01
1.244020019777874708e+01
1.542397473176235678e+01
1.099340122928830432e+01
9.373287925071680959e+00
2.717945270181634676e+00
8.669177895216922280e+00
1.147237253970552118e+01
1.164089296312524979e+01
1.546676672384761808e+01
1.240889240402054838e+01
9.406885282045099217e+00
1.559282075825076497e+01
2.110018080251595407e+01
1.905978730768244134e+01
1.380092645478028146e+01
1.159855883675509247e+01
1.110580118787449422e+01
1.041521474852631535e+01
1.271735766153350156e+01
1.071447406301625094e+01
6.827263158105325580e+00
1.120126575486128750e+01
1.021868636940238417e+01
1.495602584410323121e+00
8.920494389572274585e+00
1.513839609642248796e+01
1.089294375468181997e+01
9.451774715366795476e+00
9.961241501718092195e+00
3.712205993192596143e+00
8.838311296711440335e+00
1.384943712458939302e+01
1.205942209541264809e+01
1.014583403512611426e+01
1.132992916265273209e+01
5.191455540907565336e+00
4.895752290303692966e+00
1.925918984170547965e+00
2.423747891218844597e+00
1.868830800632228950e+00
7.870844035099477942e-01
4.984547162495227113e+00
3.426267754145586153e+00
9.369019922412524792e-01
8.544778008339370956e+00
1.234215146769742333e+01
1.547885225171840418e+01
9.734743531500631875e+00
8.226792580342287664e+00
9.125105401636249169e+00
6.491475761879311079e+00
4.732030741693299625e+00
9.291913279270383796e+00
3.376500080234690060e+00
7.812069420062293545e+00
1.110622919366550398e+01
1.514388652385562573e+01
1.078098491431754979e+01
6.838565225550745197e+00
3.260867528967177797e+00
2.679455773630434745e+00
5.092522148603442211e+00
6.437023067725576198e+00
3.411144659200217699e+00
5.256312728384547661e+00
9.868929525995264740e+00
1.618570121442371601e+01
4.801313917635983586e+00
4.087249160078295418e+00
5.115983644665980101e+00
7.195431460457077044e+00
7.350955584022951683e+00
1.314705317309131516e+01
6.553493690754043755e+00
2.513930583243259687e+00
2.047656751706494749e+00
3.076081066351853188e+00
3.646007448791217964e+00
3.853461272087588263e+00
3.475791398359943329e+00
4.030488875476362587e+00
2.727567358511138185e+00
4.463422162323271714e+00
8.516909149443867122e+00
2.207733123298937272e+01
1.847041245282056110e+01
1.323745958468142803e+01
1.495593561039617470e+01
1.210848364208410466e+01
1.253908826249164576e+01
6.834320246015247236e+00
4.115034884072967358e+00
4.686027695112226610e+00
4.230753182819586122e+00
1.543701491514764612e+01
5.933088742808413585e+00
3.937744904487567421e+00
6.863859114778787074e+00
8.909568386242989746e+00
9.143043177565516544e+00
5.638789235523171683e+00
3.130895952123063264e+00
4.356977160464703402e+00
7.432992141981592304e+00
5.650939189483276337e+00
2.169481659811374641e+00
2.857622985681821604e+00
1.646256384764906988e+00
6.732276498000442366e+00
5.008090355724668541e+00
4.449254686800557579e+00
5.863025908164813949e+00
9.093117209772971776e+00
2.828911115803800058e+00
1.685668326213745516e+00
6.760709620697593181e+00
1.205480418177267055e+01
1.021930823729936577e+01
9.655127384694132786e+00
1.854479126854053916e+01
2.181278570101835257e+01
2.083853784668120568e+01
1.741795127800029164e+01
1.102721303637274985e+01
1.731302913317947656e+01
1.523720930278946462e+01
1.188174482473850979e+01
1.851246321134152595e+01
1.854798293915706608e+01
8.941805627585164729e+00
4.853235970108714881e+00
5.520324064721728874e+00
2.119612201878006807e+00
2.780769132735593452e+00
7.497041469704365468e+00
1.556946550007920038e+01
1.965415800171901850e+01
1.877261015549299117e+01
2.048224883439331023e+01
1.358120763817718313e+01
1.104691293312687783e+01
1.539911677763799247e+01
1.498625541915913573e+01
1.659904634883659114e+01
1.406544133904828087e+01
9.577764961012023903e+00
1.397716168781828294e+01
1.645814324515189497e+01
1.988470157749476641e+01
2.257269456440596755e+01
1.856109073158791745e+01
8.956205764767400268e+00
1.104202135935925000e+01
8.076105965160154554e+00
8.641239475050205954e+00
6.893760818996027773e+00
5.542410179237955425e+00
7.004642883231273487e+00
5.056275164201134764e+00
2.217587384535681938e+00
3.179239485125465059e+00
5.458655134399375441e+00
4.858084321600993682e+00
5.235348652218228871e+00
1.030091785423276107e+01
5.940054620760458093e+00
1.115458060399501861e+01
6.508814165805436147e+00
1.006501867983475229e+01
7.685520940240538224e+00
1.138373310671376615e+01
1.374357576532235292e+01
9.255296044334720307e+00
1.569989440426183158e+01
1.061360593725003909e+01
1.164914916281317936e+01
1.297712628286321390e+01
1.419778131058618342e+01
2.146762893792168470e+01
1.688797258927485956e+01
1.657851544153227152e+01
1.959392128298254221e+01
1.845163106325763991e+01
1.628540048207960567e+01
1.037362940424979563e+01
1.762103848061415956e+00
8.342331824774085192e+00
7.813343258793730151e+00
8.900716845843943403e-01
5.117056518623596340e+00
3.740972282305738528e+00
6.902729721740996638e+00
7.929036518943719969e+00
1.067165102416127276e+01
5.001113375384469428e+00
1.087206924531629681e+01
1.206995740293469410e+01
6.984486376213054015e+00
4.742439927855174098e+00
9.139071063226600344e+00
1.056443836462891817e+01
1.333769915586695376e+01
1.659360384209712436e+01
1.795435234001835667e+01
1.761188696128582620e+01
1.866012296956548155e+01
8.569729572744792634e+00
1.126350405397875853e+01
2.106313471093919887e+01
2.414056769959972115e+01
3.025439263205891649e+01
2.823756702847532907e+01
1.556141882018606104e+01
9.978437004507926034e+00
9.379524239542623709e-01
2.469235480160239415e+00
1.647717335662923555e+00
1.710109656627327945e+00
7.218440407272554538e+00
8.241894934714453669e+00
8.169318284206806169e+00
1.075332150051375457e+01
8.627981152118085362e+00
6.683994523764412499e+00
6.464053003113273910e+00
2.124823347912557558e+00
1.212342511073707563e+01
1.532647022563449468e+01
1.339845296191660395e+01
5.580364807764576440e+00
3.729171013348838049e+00
5.350291573014354540e+00
4.173166341780236266e+00
1.460524458672189496e+01
1.311299734193599242e+01
1.045600580208285457e+01
9.051643799521286837e+00
1.353172419807808069e+01
9.530776007566570840e+00
2.105041579447008537e+00
1.417962346342660274e+00
7.583066294011241659e+00
1.227093873431860160e+01
1.430327696324321707e+01
1.074957337863840401e+01
8.981843227462810830e+00
3.432747639223943992e+00
3.669178182342449190e+00
3.500920709814501652e+00
4.873395964104553890e+00
6.543029501873608211e+00
1.415624289554653537e+01
1.718996469349006873e+01
1.771219708288310457e+01
1.606553472691133067e+01
1.342967454108073611e+01
7.716637655835079102e+00
5.107106385851136743e+00
6.622805049789500131e+00
9.582335520836519294e+00
9.943238473662551202e-01
5.829491702997992242e+00
8.750363001798813656e+00
9.119248135561019097e+00
8.490119467625829586e+00
1.021845913746232792e+00
7.247334181184203139e+00
1.829354061189266645e+01
1.003491207910245109e+01
5.101307374884568091e+00
5.890250249856082476e+00
7.516957597257482249e+00
8.688365872885299268e+00
9.241701861898100390e+00
9.697146299196555574e+00
1.289207878856538514e+01
1.043455277545853122e+01
6.391087018181769608e+00
2.007586226441892219e+00
4.401918503583887698e+00
5.014874885652772285e+00
4.994142003024493626e+00
1.507284919763461417e+01
1.980911154617405145e+01
1.549314322357922080e+01
9.850630159890148008e+00
3.837230390995775231e+00
1.076022758343554919e+01
1.232834085507639443e+01
9.751980030716847381e+00
1.144063454364646404e+01
6.478723482484841867e+00
5.731768602094760467e+00
1.033592491130803381e+01
1.078464534556038146e+01
2.250562968755422943e+01
1.737071819632100755e+01
1.105140771852654247e+01
1.075896831474038962e+01
1.428418251760894009e+01
1.014349300344628269e+01
8.075932751861042647e+00
4.571979536691407553e+00
5.524817833805959921e+00
8.321781778058673140e+00
1.517861369015947481e+00
4.337294812015468182e+00
7.525824109473004064e+00
9.190378442921975477e+00
7.464688697629314973e+00
5.251740625699888199e+00
8.223882852917785868e+00
1.714227798344587494e+00
6.213767683858439916e+00
9.838642039264364314e+00
7.171511504894709788e+00
3.879180221605134093e+00
9.136180748734936685e+00
1.670606515075618503e+01
1.676048578062952288e+01
1.241462050129197792e+01
1.745390115041388768e+01
1.874906596527647196e+01
2.139705145996691371e+01
1.646902176414234020e+01
1.465991264489283097e+01
1.273652199224148340e+01
1.046881341537981847e+01
1.066800860255759176e+01
1.283904056288649009e+01
8.917430608415944704e+00
5.627749053746270214e+00
6.110019198222898851e+00
7.229797885578939542e+00
7.499055161354252874e+00
3.329162155509106213e+00
2.542633852140527839e+00
8.331771493311091348e+00
1.180588483478574924e+00
4.686453165546536681e+00
4.004158595383015218e+00
7.666862197582597460e+00
9.957234059013856609e+00
8.247177471806907079e+00
2.370618079602743400e+00
1.316511768552170025e+01
1.281013871851112640e+01
1.268441509466371642e+01
1.038325646713889761e+01
8.140374854218718426e+00
9.916811282812066253e+00
1.138860284861687511e+01
1.875773586545579263e+01
1.935627425049446160e+01
1.854738977475334138e+01
1.730876150239647160e+01
3.986940983212984513e+00
3.416118967387518524e+00
4.757821033651008058e+00
4.397013215272158604e+00
3.182954353554194427e+00
3.455784966229518584e+00
8.786508441561398541e+00
6.081276239201519829e+00
5.774253612835615002e+00
7.254961298145258475e+00
6.219030186982172914e+00
1.539292336420558849e+00
7.890511918008265013e+00
2.627861086249772882e+00
8.505076384675416268e-01
2.731078212136957006e+00
5.714780311938518764e+00
8.677489278683340856e+00
6.686578564339956898e+00
4.992846353623495048e+00
8.836875455658045553e+00
1.348072892748029972e+01
1.302395303298304796e+01
1.461032056308817317e+01
1.414776932571596468e+01
1.049713388353063870e+01
7.581439618756774301e+00
6.485033897842626516e+00
1.086545635671765808e+01
8.675921892385785483e+00
9.631095936903339094e+00
4.774456658363491535e+00
5.738882142457169877e+00
9.447809433177035032e+00
9.758578784031055164e+00
2.245290156416861915e+00
7.682513011234423317e+00
1.591323760095270323e+01
1.387520287584366585e+01
1.258116158896909376e+01
6.341866133273603268e+00
2.368599174767616500e+00
3.926245551243678467e+00
1.845178013675235817e+01
1.695293448202643205e+01
8.439032214594583081e+00
9.413095240083027448e+00
1.238670437490289800e+01
9.385527215054498384e+00
9.747497058156817218e+00
8.390741173893976779e+00
1.163387456177781765e+01
1.068426374931310363e+01
7.219088683309326626e+00
2.964649186524354718e+00
6.338815258839564315e+00
3.584456023409320125e+00
5.296992451758193027e-02
3.362569240197326614e+00
8.592425477503521591e+00
6.943377457028653055e+00
1.028654843745155745e+01
9.620060398647854782e+00
1.281525839705608050e+01
1.316790593759457551e+01
1.503162174477807866e+01
2.107056533071058979e+01
1.041779462857559935e+01
6.968799068557815168e+00
1.098076749078280123e+01
5.243353240966435180e+00
9.872597140657230597e+00
1.076566128311372950e+01
7.904868772471653315e+00
3.111012530084042549e+00
3.165059440342239405e+00
2.431088589982541404e+00
7.891002281371707561e+00
8.636724650852515950e+00
9.644901811696461991e+00
1.084010563510499026e+01
2.175636657762519910e+00
1.958616491030261697e+00
3.888480138180560708e+00
3.878136382382562530e+00
2.726959272971327675e+00
4.310854498176805549e+00
1.322530676504334757e+00
2.209136018057626050e+00
5.703815726872020875e+00
5.535686029298946487e+00
3.033075126032559687e+00
5.496364818509440475e+00
6.561123730034296386e+00
8.189006260941837922e+00
9.380547140475069767e+00
3.999492124844009844e+00
6.818178368119048649e+00
9.940967350201489694e+00
3.895634090648230519e+00
3.709320692658118368e+00
5.028014520725357706e+00
1.690016109765159813e+00
6.216517611782451880e+00
1.290089162050825955e+01
1.169286487175583034e+01
1.068705446709053142e+01
1.233224456135617864e+01
1.180515820180833231e+01
1.411406070940790691e+01
2.125950677238246556e+01
1.087726128450043639e+01
1.352835305138954780e+01
8.303677580442283102e+00
6.337111559164529062e+00
4.345878392367627185e+00
3.114972515279919030e+00
7.707012306298421933e+00
9.583194437057544590e+00
1.412531503239957331e+01
1.216437149301988185e+01
1.268262935779001133e+01
1.510415508721508360e+01
1.367647900028268637e+01
1.774690525771250904e+01
1.569648246396262081e+01
1.211030655727271821e+01
1.244663051256214636e+01
1.532579779432607481e+01
1.166512238436404836e+01
1.188421472728916228e+01
8.660284635559023059e+00
8.296642244797343579e+00
1.504035768984459676e+00
3.042960385553832303e+00
7.222181767068084568e+00
1.518129391022332619e+01
9.621316726376491602e+00
1.399758352514750470e+01
8.965059927682883512e+00
6.153036294385534788e+00
2.614682494714708927e+00
1.070649937303683430e+01
1.299258989809068510e+01
8.789841226415246567e+00
6.965015348739589385e+00
8.171013133799622352e+00
1.036499531311265443e+01
9.766135371362073769e+00
7.865585386867054218e+00
7.294703153434618059e+00
7.903083787459300957e+00
7.483365573987654784e+00
7.679103450087978899e+00
1.179796370432787356e+01
9.672018873134751615e+00
9.460799031223775302e+00
5.001776009957890956e+00
1.061236185350633576e+01
8.472438890654087729e+00
7.894285263109105166e+00
9.779546683177068545e+00
9.336905282213697532e+00
7.961381263856074142e+00
7.912787534140903745e+00
9.412481191816485904e+00
1.347255956546756295e+01
1.405888780837286234e+01
8.342105132682190671e+00
4.903090552998516927e+00
8.620046138254496171e+00
8.205487484495694872e+00
1.034276641647631401e+01
6.689462694289213474e+00
8.171216266605213718e+00
1.059619003909496371e+01
3.988093738319951065e+00
2.484567691836155223e+00
4.171803998264601354e+00
4.084991102678844577e+00
3.918702844074023695e+00
4.330850087405154980e+00
7.907862040432242168e+00
5.932046891119611587e+00
1.061330220018276549e+01
1.055961574193116448e+01
1.264905487378408111e+01
1.397138794415586815e+01
9.713534729290255854e+00
7.618875786635650016e+00
7.246304481105373618e+00
1.225135617235332752e+01
9.394313834617634029e+00
5.940299415174733255e+00
1.094715325428098573e+01
5.984416547979276579e+00
5.770229073285142007e+00
1.014869264284670614e+01
9.880519859555768392e+00
1.132925735579874527e+01
1.709642019979065708e+01
2.197172257076235979e+01
9.935115015099775349e+00
9.027181164411278047e+00
4.055624652467738400e+00
9.457694055122757959e+00
1.090953769449083843e+01
7.282495068388739945e+00
7.335971158509226875e+00
7.785398548367050253e+00
5.204752380550522695e+00
4.707916092826332388e+00
4.395078254000056361e+00
5.629286440870350461e+00
8.470960356286145299e+00
6.337509293231786245e+00
6.433074028243811249e+00
9.121586555617973602e+00
9.026937855024856461e+00
6.730179908401185074e+00
1.434995153965046200e+01
1.136731706193422298e+01
9.936793745586948390e+00
5.869280697938371816e+00
1.848238283338635712e+00
2.518183377164548542e+00
4.482107339489422415e+00
7.591115386678398913e+00
1.102223099394598904e+01
1.813419416929381711e+01
1.813368282503391526e+01
1.455191509690227392e+01
1.066810806238430764e+01
1.055632195029294707e+01
8.676494250867278879e+00
1.421524612996159576e+01
9.894757524355675571e+00
4.757151994314587462e+00
4.074975585612476081e+00
6.436600297122917702e+00
1.058393531520353870e+00
3.309977697839404875e+00
7.208022585939175997e+00
4.078350147515950930e+00
5.409651924659907962e+00
8.518142657617843838e+00
1.267292512110629055e+01
2.024456934310728684e+01
1.846035667960167359e+01
9.829766314530317572e+00
5.695945643746172848e+00
6.304375548852402034e+00
1.027885200997002713e+01
9.725902444177785711e+00
9.180756110376762535e+00
1.053638483183270402e+01
5.807836845235328838e+00
9.558424154286935703e+00
1.439054613877230437e+01
8.445767805397814243e+00
1.528357515425604163e+00
1.439517484420629501e+01
1.295132050085386410e+01
6.317919588493996486e+00
9.117972591014813943e+00
7.341666761769776173e+00
7.621949159532483975e+00
5.727780000981022468e+00
7.726846928180284735e+00
1.337355437924171220e+01
1.416874483400365214e+01
6.863156564744576471e+00
4.751966875970113691e+00
7.616944015168993332e+00
9.488635021609537645e+00
5.505159179458443575e+00
2.931774471434700047e+00
9.138671557995913020e+00
1.035192805177117314e+01
6.295011611225318049e+00
1.749821632915618208e+00
3.794480681402984779e+00
2.310917630311453141e+00
3.758264632327813715e+00
4.777803599940490642e+00
5.245382119249615727e+00
8.780638056533899061e+00
7.250050902391187435e+00
1.002768597546935680e+01
1.595483751822105845e+01
1.977676643400108603e+01
1.201484198270682668e+01
9.923858089606806487e+00
1.416602925102064248e+01
1.364039883976415446e+01
9.631479701309324071e+00
1.266479901426493271e+01
1.646254350096764441e+01
1.607248372207037335e+01
1.567608414048197396e+01
1.671536305268017131e+01
1.816820970713361305e+01
1.811352794084380236e+01
1.703823099762649562e+01
6.078610577207717469e+00
8.455791740254323230e+00
9.109830757330851014e+00
3.983046828805540951e+00
8.117569089224653922e+00
8.780530258431602064e+00
7.117083274518568814e+00
4.390982119129508421e-01
1.952005558123560469e+00
5.287177415500897482e+00
5.536920046557569641e+00
2.972731999241656986e+00
5.749739814824510020e+00
2.710331006193827386e-01
5.872140291407196067e+00
8.848669637740160354e+00
8.116497108018119633e+00
1.117984917196209516e+01
1.708323233585266365e+01
1.777545798081445838e+01
1.097244093441010371e+01
7.896811385555858820e+00
9.903949174543427603e+00
9.173772501391576739e+00
1.312607449561393524e+00
2.186627650831292069e+00
5.087942691638343007e+00
6.377760785368549179e+00
8.534337248484430205e+00
9.412962805695844537e+00
1.892094486120898011e+01
1.840923351335384694e+01
1.713148447242025441e+01
1.313905063103320892e+01
1.098668168515105492e+01
7.250708022367301275e+00
6.975444703989666984e+00
6.805573042635214343e+00
6.051219466537974156e+00
5.788300939775821163e+00
1.295321903412394704e+01
1.607306721834799745e+01
8.926820994572814527e+00
1.059690042727959458e+01
5.418122059199609097e+00
1.491532618262855792e+01
1.630850040213137220e+01
1.599913128229148285e+01
1.609606508544332826e+01
6.813068192936020395e+00
6.907351809768949025e+00
1.386993159586461566e+01
1.115994535587870828e+01
1.470459439734812968e+01
1.254942609146076293e+01
3.505085400849398347e+00
3.445340947001440668e+00
8.200542010806779913e+00
1.796773283125439491e+01
1.814768875479847310e+01
1.800894289664136849e+01
1.137809287023605975e+01
6.063301977599357073e+00
8.139261239565092509e+00
6.316616016400376843e+00
5.342981167161754641e+00
1.354630917013487768e+01
1.488817186560828354e+01
7.844348015000255359e+00
2.011355816521977147e+00
4.994148506422009248e+00
9.888637427533595314e-01
8.566860610604219772e+00
1.329885482696454169e+01
1.085408095751041024e+01
8.173592948937038472e+00
5.099682206686052766e+00
1.047765539408288760e+01
1.717944814157128164e+01
6.235693233352038511e+00
5.143958684018329564e+00
1.075942156702956254e+01
1.089576945835495358e+01
9.776923854725541929e+00
9.114294379130893020e+00
4.675765392127389397e+00
5.052352628780156785e+00
3.965963605708828332e+00
7.674899445703895040e+00
1.267626506731597047e+01
8.814814158955682544e+00
8.485734825661053193e+00
9.656258426747481138e+00
1.473637589358361488e+01
1.584009995053147790e+01
1.026560598152754800e+01
5.161110850980639597e+00
3.700551720356732854e+00
1.618265059020823404e+00
3.853259615117152759e+00
5.301929664418684851e+00
8.646745655387038099e+00
1.052066676591663530e+01
6.283119227245471450e+00
5.940207361736550951e+00
2.207815082909827531e+00
1.081938569628057500e+01
1.412343295764881823e+01
9.933830999772936821e+00
4.482659844570623164e+00
3.708948978087633908e+00
6.082708608321838462e+00
1.109233806183002002e+01
1.155318876099947545e+01
6.100812978902400374e+00
6.383291500426021337e+00
3.151161323051354657e+00
6.971189279046053677e+00
2.457876057720369101e+00
5.800628806311488361e+00
4.791576217045177444e+00
6.378349105769177463e+00
1.184512317950115978e+01
1.691757195082549359e+01
1.591466336099073331e+01
1.152201284576256413e+01
9.944334851362892636e+00
1.469120076125971686e+01
5.425729115029179539e+00
1.183642000113567150e+01
1.365294176425583750e+01
1.070303067613675552e+01
8.017167186437143656e+00
8.852580753618683573e+00
8.737999655975688285e+00
7.782026095509372077e+00
2.360878688845721829e+00
9.828848005043459679e+00
1.136088214057702572e+01
5.585501732719327705e+00
5.236610075646737528e+00
7.154424314252222139e+00
4.770418653092463934e+00
9.428849650546839101e+00
1.185946005980687445e+01
1.356329405125111620e+01
1.289293504812685143e+01
1.377571840896880673e+01
4.146922588174071223e+00
5.063561220580986344e+00
8.428979410664560135e+00
1.343773755127790537e+01
1.123146469253212665e+01
1.158222637194062976e+01
9.706198754551309094e+00
1.178268067300412270e+01
1.291939505541646582e+01
9.288836811272592087e+00
5.651028952324281818e+00
1.235342095927163264e+01
2.006462886250105626e+01
1.846942294204478330e+01
2.014657567855951825e+01
1.997305509847727834e+01
1.651096839294971019e+01
8.656673747105248395e+00
5.561571419486037726e+00
9.629713327138343715e+00
1.370571885920305810e+01
7.615098277401029847e+00
1.008408695817352374e+01
1.119201556537348985e+01
5.717634534523185152e+00
2.491401261056074734e+00
6.942984454742706646e+00
8.947387377893541327e+00
1.161276195482994034e+01
1.065429957187720866e+01
2.104988045036616739e+01
2.377065490164970285e+01
1.745796276380034584e+01
1.536873978506393001e+01
4.890332204566344210e+00
5.639896511182760364e+00
1.149189137687608842e+01
6.205342636952141611e+00
3.198535809357236470e+00
1.425024877262775824e+00
6.700804354649117833e+00
9.907255212847433157e+00
1.175530200589114926e+01
1.813977331681425298e+01
2.092611368042452824e+01
1.604505314804874061e+01
4.521073817823024754e+00
3.326087596227001342e+00
6.668607736642943706e+00
4.948464459084390477e+00
2.821788453365322802e+00
7.954907838032410083e+00
1.197316721957816554e+01
8.763885799800746668e+00
1.369698282544426959e+01
1.606679869161372665e+01
1.955451598161130633e+01
1.303696232731055815e+01
6.206970443427519690e+00
8.958093606775168638e+00
4.758555168771577470e+00
5.507542327407962901e+00
7.836074145052297268e+00
2.522665907819423126e+00
1.642520556800380405e+01
1.884410291534187465e+01
1.822947967505740507e+01
1.510961981038946966e+01
1.338772113676822961e+01
1.327871645102320386e+01
1.273643185647616960e+01
9.208907165813659645e+00
5.450113856889297281e+00
7.939915292104253730e+00
9.365294418680251809e+00
7.737421581721109831e+00
1.239902220926864906e+01
1.190503426938712295e+01
4.706948933813456470e+00
8.860793446370539783e+00
1.445261134782453816e+01
1.302989402830853116e+01
1.192436212857680644e+01
9.787713716262018693e+00
1.447063630882350438e+01
1.365020055866492754e+01
1.429681067695840468e+01
1.507963070584837517e+01
1.281541709880962010e+01
1.277558140800539377e+01
1.040472004431736330e+01
6.171768407046852367e+00
9.465729349561616601e+00
7.187362334769524352e+00
7.351065818411468555e+00
4.230027279171716614e+00
1.547966300530280037e+01
2.176277593426893731e+01
1.705999255121784941e+01
1.266071530505210063e+01
9.648730984781240139e+00
7.938157639176399272e+00
1.016881432487135228e+01
7.228964712170632190e+00
1.417361809446615695e+01
8.317980925534621761e+00
5.934062691494538022e+00
8.330100730399403020e+00
1.744006180962509145e+00
4.593258322784389946e+00
1.487769315979748441e+01
1.348366919348566562e+01
1.048542078816759648e+01
1.477198341377063251e+01
8.263012505571360578e+00
1.181206828758536176e+01
8.382220590544360306e+00
3.254544413785344759e+00
4.775583338472484840e+00
7.023598061345960986e+00
3.504755181513119044e+00
4.410224839771944794e+00
9.384191539411927963e+00
8.555048081889044198e+00
1.026078070659330166e+01
1.246987281312614648e+01
1.268798013555326065e+01
8.105185463083724784e+00
9.406156146805052742e+00
1.593440201538800771e+01
1.837107643439419391e+01
1.385904209678312249e+01
1.433903772154324407e+01
1.278844059396316268e+01
1.255835601891562092e+01
1.564810666444996912e+01
1.684110555863322389e+01
1.945361798730634462e+01
1.624781327799782460e+01
2.080687328633741728e+01
2.239381305261048638e+01
2.248956506023665369e+01
2.164962029103672947e+01
2.242101980226030378e+01
2.269373109277982437e+01
1.237672118028423540e+01
7.849205148238533880e+00
6.665061524824210437e+00
4.284911907393843755e+00
5.743857217276450378e+00
1.073651511399906155e+01
2.224863913686017725e+01
2.417796045667308391e+01
2.008091862793143534e+01
1.054207601120267412e+01
8.807605850261248648e+00
1.340415164370460666e+01
1.503864583249922937e+01
1.137009632780739210e+01
2.726404235589386715e+00
3.949386590084949411e+00
4.117168595995215341e+00
4.808216813151596547e+00
3.012234113615744668e+00
6.998444558207371990e+00
9.811370606725608567e+00
4.044399114210055046e+00
6.403947310778744573e+00
6.604456795774966693e+00
8.710670686040797861e+00
4.930911855235747154e+00
2.373841943282712208e+01
1.967563054126171096e+01
1.594198490812434521e+01
1.214352977938504985e+01
1.682301662529659936e+01
2.110955821182834313e+01
8.083872486462604812e+00
1.026597147626634765e+01
1.484227618082667632e+01
1.568397967612216704e+01
2.054511691071116530e+01
2.182752317400605335e+01
1.967138482377502484e+01
1.232202576952989403e+01
9.988356346665327123e+00
9.838188804284268230e+00
5.701946979158226902e+00
1.087587177660038762e+01
9.562173929465293654e+00
1.362296812073320318e+01
1.609114580957443508e+01
1.735721660912239983e+01
1.924039319002823589e+01
1.222726366622220162e+01
1.535856871227890963e+01
1.360446263140546108e+01
1.196684893143880757e+01
9.065314754273870790e+00
3.870769819849182447e+00
5.050608643287210597e+00
1.299995171681080208e+01
1.618232333427782876e+01
1.166462531694457638e+01
9.017519676849488519e+00
4.057237071738766687e+00
1.352835245230514261e+01
2.424281102292410850e+01
1.372419000461399818e+01
9.516835323901986499e+00
9.621628598977912006e+00
5.253909690165760260e+00
4.645596664597818837e+00
1.392167713090882941e+01
8.745880138472845289e+00
8.993798981677755933e+00
1.663932447146930826e+01
2.011985353211032646e+01
1.233704929032524689e+01
6.069748598366544456e+00
1.319225165971173119e+00
1.334776567918256340e+01
9.554395777671777168e+00
5.123414069960738004e+00
6.661986939489161763e+00
8.852621731458057752e+00
1.321300186722239367e+01
9.213247624602374231e+00
1.481381797052815408e+01
7.375838882068369351e+00
3.896985285193194759e+00
2.070171524314049716e+00
7.069855940621017076e+00
9.661062806393529101e+00
1.326273574292485335e+01
1.111596281741014991e+01
1.130209769335523795e+01
1.307584602569407828e+01
1.924333285890873313e+01
1.813447856576807027e+01
2.397085537966230717e+01
1.772094775647406806e+01
2.272502647455377556e+01
2.806372030434725673e+01
2.649312360188237037e+01
1.509460647645665787e+01
2.153555422885912840e+00
6.856100869499534234e+00
1.000553691424365965e+01
1.236202106563862024e+01
1.363327388056197620e+01
2.276697738425568573e+01
2.484088778584840185e+01
2.657849267772459712e+01
1.352313155387966503e+01
1.118248670664994826e+01
1.098380104746674313e+01
1.097439661023921431e+01
1.406056503047912898e+01
3.390628665011056420e+00
6.053585480443508970e+00
7.446407282672330652e+00
7.547161134769821977e+00
1.353551633482333649e+01
9.239091646378458478e+00
4.065723872162921637e+00
8.285376627568441066e+00
5.710485608746927788e+00
7.287380084166626304e+00
9.016375333235146172e+00
1.558470004682246923e+01
1.273933045523029151e+01
3.340199794670781763e+00
1.197299456926357664e+01
1.342444935519785787e+01
8.237928341838088642e+00
1.086022243384349295e+01
7.891507436238217821e+00
1.176188594218227479e+01
9.478011598334616039e+00
1.294873863658920854e+01
1.220043693866425372e+01
1.171412600350010536e+01
1.234517753409883767e+01
6.717618261876326713e+00
8.380529425941604771e+00
7.551529063316520407e+00
9.077103500263273617e+00
1.584542592731370370e+01
1.283437090433226224e+01
1.017286111075496180e+01
4.580717012414877942e+00
3.189496277615019082e+00
7.651079598515410751e+00
1.132880946258168819e+01
1.160098189987250805e+01
1.528666534772488461e+01
9.412191564874326843e+00
1.251374526446764612e+01
9.295563135658959197e+00
8.703176406678815979e+00
1.015029040156860241e+01
9.418839579056086819e+00
8.443313224348830914e+00
6.324392397600830940e+00
1.172553862926361390e+01
1.436920657463274686e+01
1.313971669804314146e+01
1.079479812842663122e+01
8.676157249157592233e+00
7.492174209966410814e+00
4.723383723277168933e+00
5.606206714434560645e+00
8.075994987311290174e+00
6.632610998076494901e+00
8.429755343830848346e+00
5.653683988967483032e+00
1.010456682320700850e+01
1.196954242344911989e+01
4.285868848529505115e+00
8.250145705905334026e+00
1.255977288552351467e+01
1.535350481351471430e+01
1.375151403638125558e+01
1.364027150949406320e+01
1.046221892010397880e+01
1.987034807473950337e+01
2.283861498102178444e+01
2.190753705888840130e+01
1.370428300818014478e+01
1.233509209000595952e+01
2.410836819066068948e+00
1.023883000403191801e+01
9.906642350430537647e+00
1.251523782172746735e+01
1.274158719739102885e+01
1.415623331263125806e+01
1.471949556475444609e+01
2.057885679012798619e+01
1.710883441833246010e+01
9.644703437816017910e+00
8.222083995442091009e+00
1.358783272854450708e+01
9.644328691755790217e+00
4.524601986309995993e+00
4.764158330166381461e+00
6.877439797319494730e+00
1.517917452459678884e+01
1.424603369255779128e+01
1.572024200682943906e+01
1.156080014894178021e+01
9.822899550752978826e+00
4.149826537641228441e+00
1.136920898831846927e+01
2.132307464754667237e+01
1.545595894267631287e+01
1.178891967201472113e+01
1.728826815383643378e+01
1.938342976165538190e+01
2.184444405306804171e+01
2.350894429282981690e+01
2.052997676316927311e+01
1.849325198995245145e+01
1.241433015344456869e+01
7.079393758460809316e+00
2.265072261783477359e+01
2.338746900259843997e+01
1.092112211660101195e+01
2.514452243363072714e+00
9.353880101609494346e+00
4.731038092434310727e+00
3.727689067547033552e+00
4.913214270621992341e+00
8.374249175327477701e+00
1.366199208473959459e+01
8.694554271854693539e+00
4.891386997453555985e+00
3.912500627562198741e+00
7.580771940538122422e+00
9.772821700011911972e+00
8.305916458574758465e+00
1.081348522418530678e+01
1.232681497173026131e+01
1.506289879062178194e+01
1.374334460967455840e+01
1.395718886184185870e+01
1.332923680113578513e+01
1.626436835000192360e+01
1.427680039224797959e+01
1.555165232383816232e+01
1.326131142203435864e+01
1.018778533230024408e+01
1.216557911917867507e+01
1.450509600384671849e+01
1.627682145238800260e+01
1.475665994070415366e+01
1.273354752082063790e+01
1.315561955778679781e+01
1.653355336099952666e+01
1.963853947811933764e+01
1.933911189673371567e+01
1.389073815142008073e+01
7.065338180541340662e+00
8.572179445912288642e+00
7.950729480033170482e+00
9.125309308980742884e+00
1.081464568087172573e+01
7.977918643099713769e+00
8.103296887145335248e+00
6.360826927801487507e+00
8.653976294043520312e+00
4.143747923380383114e+00
3.749200562090884148e+00
1.128218852836858233e+01
1.284977679030273023e+01
1.405054554642390485e+01
1.582088161975519114e+01
1.248761125091870383e+01
1.128140062201477534e+01
1.479200931376602313e+01
1.830454905817193634e+01
1.987550443021703117e+01
1.137792696177558405e+01
3.530415040515740177e+00
2.202034683266762993e+00
5.911258657794555837e+00
2.660260361192223755e+00
6.873774653317362926e+00
1.097788633137915859e+00
1.147069539869778154e+01
1.626666449874969800e+01
1.438336892694400682e+01
1.499081740919251260e+01
1.888026107831012013e+01
1.469863214314411870e+01
8.809031823633173275e+00
4.533674375516721256e+00
3.853503919192735605e+00
6.892211821176381648e+00
1.108782248000525783e+01
1.036964038972758217e+01
1.105199194268274709e+01
1.392311059732765699e+01
1.839018455652988138e+01
1.452877071528306629e+01
4.244586694824715956e+00
9.186452865756969288e+00
1.341042035316872649e+01
1.691212895659612414e+01
1.154224249324333762e+01
9.154885236659378478e+00
8.012738389937965167e+00
8.326138940806828259e+00
8.629328507916325108e-01
4.142022840708721176e+00
5.367537016121806559e+00
5.305750872206875357e+00
4.497150753256039302e+00
4.099392693487572181e+00
7.130077819812903783e+00
4.367353772547486912e+00
4.745066435030057761e+00
9.889490678117782707e+00
6.969373882411985299e+00
8.418680217487551687e+00
9.154498153560211904e+00
7.751440472283293914e+00
9.592039035556789273e+00
7.015709551079222450e+00
2.409715953722328941e+00
5.625411447761978323e+00
8.558847010693833468e+00
1.001680782493469302e+01
1.330155660182733612e+01
1.070198026638285960e+01
6.537569290224286789e+00
6.388160440117511385e+00
7.989697272798444772e+00
3.696748726766807547e+00
4.401372920531257726e+00
4.501236339504563588e+00
4.160333128385927282e+00
3.818455854294491747e+00
1.874512333154536803e+00
8.481211354928676727e+00
2.882466699356742712e+00
6.917854102279404671e+00
1.514023785286070023e+01
1.479597901011470640e+01
1.180820993632604399e+01
3.971624496525111070e+00
4.642094890108124261e+00
7.056032716708465991e+00
4.096370832477626678e+00
3.963349870459602631e+00
4.658503167336245809e+00
8.248432442539829879e+00
7.120097069336149609e+00
9.080841548959124765e+00
9.996263722420561493e+00
1.621273277933680390e+01
1.449030282530606328e+01
1.653160349838878318e+01
1.961546445292326979e+01
2.490343031410839103e+01
1.864499562953139744e+01
1.742223841242459770e+01
1.624064826384211813e+01
1.606113937613569931e+01
1.303041987986757455e+01
1.151989957763838746e+01
1.269988176240568301e+01
1.829331488941230788e+01
1.746088207532488212e+01
1.187697434120323337e+01
6.565596049027431214e+00
6.467949245045332418e+00
1.152732101088640171e+01
1.390396492758611657e+01
1.423832073260373754e+01
1.303879162317847396e+01
1.250629617191308540e+01
4.618494567627702274e+00
2.433532908556554908e+00
1.341264242950876451e+01
9.433262691001932154e+00
2.303181550092635810e+00
7.975299971470787064e+00
1.237682633253487907e+01
8.532418972321421435e+00
4.526570907656065401e+00
1.068055418583123384e+01
1.185052257903584483e+01
9.439661403398345030e+00
5.192224362151415917e+00
3.036033518030876177e+00
7.314104113757530001e+00
6.083020829439544030e+00
6.422515668636499697e+00
9.848889082597965583e+00
1.920771953425379053e+01
2.773155248933662165e+01
2.755595698060245979e+01
1.910253053750931684e+01
1.201432180414327355e+01
8.452168326708996204e+00
7.479335345379615418e+00
9.629496844900142349e+00
1.272810391398176932e+01
1.006616690510393397e+01
1.198137880069245398e+01
1.070826021847033971e+01
8.287369424630737669e+00
7.444604408490378411e-01
1.414341333670209089e+00
7.242491518486899871e+00
6.473078847908285027e+00
1.162901082599093883e+01
1.572870700933313870e+01
1.688719752612603031e+01
1.565581059192736602e+00
1.671120129234600293e+00
3.368890882049103475e+00
7.642926447834290649e+00
9.554090390147520040e+00
6.631634282126692703e+00
7.748513631815741931e+00
6.932633462588384532e+00
1.492554746451966885e+01
1.745175489906075583e+01
9.988292760674555737e+00
1.346361900326012595e+01
1.059604491976015694e+01
1.222350312564332064e+01
5.962343738557589035e+00
2.946788195851422820e+00
6.921156604156281311e+00
5.159191511068813796e+00
8.427927005335956068e+00
1.109410538328514306e+01
1.124828951489604201e+01
5.627926786173244267e+00
9.319301231730131585e-01
7.310997646300433139e+00
4.508494474277730646e+00
4.130232724023567670e+00
7.670394033173454140e+00
6.495274670081662372e+00
6.245233263301745552e+00
3.312170975695879704e+00
2.275496444107282912e+00
6.974274185770333645e+00
4.735193356093469141e+00
1.314493800485436381e+01
1.941265836204241069e+01
2.567471897369308920e+01
2.420987841792638307e+01
2.295483613766652198e+01
1.434712028641652282e+01
1.606669733988266291e+00
4.678796656688629874e+00
1.095221830635991722e+01
1.286076326639354228e+01
8.378109397085340859e+00
1.444058908380743134e+01
1.494057179748645581e+01
1.634654634240972726e+01
2.049114991575226696e+01
1.985901001616742079e+01
2.639812663133674775e+01
2.642538280093657121e+01
1.953082908904080384e+01
1.881414993830989957e+01
1.660323567966545610e+01
1.439766396526372816e+01
1.371506825389910311e+01
2.160736672440474493e+01
1.904376462912190604e+01
1.430173220829590974e+01
2.261432071400853516e+01
2.523385326527031935e+01
2.996712561628849159e+01
2.515896772712395801e+01
1.327794348874572350e+01
1.060884491319654011e+01
1.251911091092211592e+01
1.903711095586511348e+01
2.099024418934205016e+01
1.345728237930613957e+01
1.667512198547586877e+01
1.246133097001539625e+01
9.623564057927893600e+00
6.289278959199918972e+00
2.811939236494001904e+00
5.770971757139208513e+00
4.192721981184282853e+00
1.711890759099905956e+00
8.940515209288751208e+00
1.340715488228207164e+01
9.554992492940929338e+00
8.056204542224428167e+00
8.687043694109888747e+00
7.602849558159389787e+00
3.016253770993643890e+00
6.048456491543797497e+00
9.487099261586939392e+00
3.165380461036879201e+00
4.771557041287757706e+00
5.606174887802514384e+00
8.350990013231587739e+00
2.606518736016921522e+00
6.932101583296787162e+00
2.523228813938105386e+00
2.304748454380922684e+00
2.265027135553089543e+00
3.679547086019195223e+00
7.292307351009120531e+00
1.281112048588332009e+01
1.403058348503525110e+01
8.064169912219092851e+00
4.768937641464134458e+00
7.277192880098033001e+00
5.382270732689436343e+00
1.032939207444785801e+01
1.673833406838681270e+01
1.310038906626011368e+01
6.347554907294568061e+00
5.426206428546286098e+00
5.316630339774109260e+00
3.784974676302095276e+00
2.127744640679482657e+00
1.252317198252836938e+00
4.365160642614807074e+00
8.820507970503921769e+00
1.196004281314220030e+01
7.800837578100495939e+00
7.775063549297405174e+00
2.191521886838784905e+00
2.075828600387721767e+00
5.724440060185855828e+00
7.452180473303378072e+00
1.110642642415830927e+01
1.306820569743176819e+01
1.104968468427504291e+01
5.980226524651216735e+00
1.533237942577828861e+01
5.889998829851339934e+00
1.504469494816849107e+00
1.462945224515439957e+00
8.872593164867076609e+00
1.158296622898562056e+01
1.339576707345386630e+01
1.397921249884451278e+01
9.807657969302765011e+00
5.859422777563766616e+00
3.438824669624410468e+00
3.658212661067831828e+00
8.585190707320862202e-01
5.954192941677893813e+00
2.591117139943636793e+00
4.214032733545553633e+00
4.941702081575290784e+00
7.253941715057989015e+00
1.118797959338252923e+01
1.629217049578640086e+01
1.675345366198877173e+01
1.565804221011046593e+01
1.880706289798606434e+01
1.297160609339327308e+01
4.260259356021538935e+00
3.525602626957415886e+00
2.487273168097498655e+00
2.888041782512860145e+00
3.816785294541966245e+00
4.537462924967480937e+00
9.994930779357412476e+00
5.243612836608074090e+00
7.786058378190324092e+00
9.673152330099259899e+00
7.758802015437683330e+00
8.843064804281425495e+00
5.432361717433192183e+00
2.563051391734362916e+00
1.043503630239659152e+01
6.492561472168803860e+00
1.143531819945791561e+01
6.645164324600273176e+00
1.231931000051707770e+01
1.384423898843671807e+01
1.734878632238425666e+01
1.162157641220146687e+01
7.248009545131129272e+00
7.277255072363656652e+00
7.854256856534219011e+00
1.098599160721839141e+01
1.024725938177226325e+01
1.028688105976215361e+01
1.287927263676644962e+01
1.142204255925753209e+01
6.797249797296467833e+00
8.506532049605953105e+00
1.296593451934747954e+01
9.363790708086524361e+00
6.250889762574076691e+00
9.619825307523363733e+00
9.249705056200230757e+00
1.512905377796498030e+01
2.022120133860044433e+01
2.095475976682087804e+01
1.992746869334157722e+01
1.522138136731665803e+01
1.777234362982455096e+01
1.592055504187345427e+01
1.335136696102730980e+01
1.532636857668861374e+01
1.169245191406940343e+01
1.098345513377994642e+01
5.177845797994758748e+00
4.125819353096613185e+00
5.386599032200657611e+00
9.583731947923009642e+00
1.951318183040577692e+00
3.456544545444512728e+00
7.082245267155061974e+00
8.695004199343527418e+00
9.998065136362546568e+00
8.478733186838224967e+00
6.120271073395190164e+00
1.643210269062271633e+00
5.293908496371409811e+00
2.605973473183971212e+00
2.085710320548177066e+00
1.440435801659633341e+01
1.596997831850982763e+01
1.112427315471277822e+01
4.538080939598773789e+00
1.905416445122804170e+00
2.212688752350629340e+00
8.964160492429614990e+00
8.479591183159197243e+00
8.622169520669153542e+00
7.990378281602512622e+00
6.935041038669350399e+00
4.270883972593769506e+00
3.290611375105514380e+00
3.665261799178706426e+00
5.853510741031002773e+00
8.909498985884940936e+00
6.331124103806809345e+00
9.318027321348139935e+00
1.706511702701586586e+01
1.126338014535948950e+01
8.469854285298456631e+00
1.133273794877809060e+01
1.175315999983841841e+01
1.155753197011619271e+01
7.142601541524260966e+00
8.904272636931507279e+00
1.367839680678907754e+01
1.406150038423192861e+01
1.619279645742864915e+01
1.779472127329369258e+01
2.228790466127812309e+01
1.479185582977717317e+01
1.524753287101218113e+01
1.338323860602960558e+01
1.015233366524370950e+01
1.140797072160565584e+01
7.247437310724630599e+00
8.002163160532660413e+00
8.461504872627132912e+00
7.903914863503129773e+00
2.173383067307996352e+00
1.733496700292283199e+00
5.681441524703149781e+00
1.319222963441652752e+01
1.340990635664831387e+01
1.667004607349469225e+01
1.388004753841319783e+01
1.400386368676000792e+01
1.699615218163828345e+01
1.365150101593151177e+01
5.263022080633025013e+00
5.714910980260334838e+00
1.416469103681900599e+01
1.278858816665211329e+01
1.018190274652452842e+01
1.230795937932021999e+01
2.105224074513150523e+00
9.227199698902454728e+00
6.010331193770072744e+00
2.586539055595780567e+00
1.053041218983608829e+01
1.384688525110080271e+01
1.110779994407467264e+01
2.072279986331207746e-01
7.973053052322708112e+00
1.013933697406276124e+01
8.594284266081309909e+00
1.039735509477535835e+01
7.159137238692707683e+00
1.282067646225645419e+01
7.559923754154609377e+00
2.528803316672787904e+00
5.223977351497881116e+00
1.535486123180124274e+01
1.383945122010540096e+01
1.521366741256181143e+01
1.754422881445135474e+01
5.569666032099830133e+00
2.628507461737057405e+00
2.362528134943111979e+00
6.747633419663632282e+00
8.635642097757175506e+00
9.041120461876113623e+00
5.950889632767063731e+00
5.936779741845537472e+00
8.621620352188330116e+00
4.028235617961486881e+00
5.441253158789050914e+00
7.593389508438230351e+00
8.922473403631858702e+00
1.027799266201019890e+01
4.531697180827277904e+00
1.239252294168878876e+01
9.917755557762555796e+00
3.325529696724687234e+00
1.017325815464988636e+01
1.787538562934322073e+01
1.543818408077640036e+01
2.293218918488314273e+01
2.034633812714126933e+01
2.059654758773934446e+01
1.348924137816920599e+01
9.303973270546169516e+00
1.194988529766898822e+01
1.453092587549345538e+01
7.919202152889827317e+00
4.385734411840008562e+00
3.389807029348662404e+00
2.129698127994487766e+00
3.993179215392880899e+00
2.579980126999703582e+00
8.479453127891252606e+00
1.124273283174455784e+01
4.241934078544701947e+00
8.893920565344995310e+00
5.091142923617040239e+00
7.808153812712478548e+00
7.470489994787356203e+00
6.800115155682417978e+00
1.042975440088475736e+01
5.981617071468169122e+00
9.223011943763776088e+00
1.610044374356723651e+01
1.351685898929297736e+01
1.058873339161052129e+01
1.002878720204106600e+01
2.787936235583621247e+00
7.577979043099621670e+00
6.047954985659682592e+00
1.147227295902828015e+00
6.587945303938763431e+00
7.362917153587813957e+00
2.435897662813880871e+00
3.607637226185922419e+00
8.001680164766106884e+00
1.120197009290889412e+01
2.615928969830505491e+00
1.019401930507326526e+01
4.499680024201027528e+00
7.636246423428318941e+00
1.323674476147573209e+01
1.264871647445232838e+01
7.757871616296362127e+00
9.619123899355187746e+00
8.826781237768093646e+00
7.458736135664675082e+00
6.050757860619525808e+00
3.951009779526692078e+00
9.103023604737336072e+00
1.253613183313404811e+01
1.507910474871888695e+01
1.440108116801378557e+01
8.918842380100993950e+00
5.520721870185544944e+00
6.990635280898983339e+00
1.338747227158333786e+01
6.299030970838641608e+00
5.822557158425492041e+00
5.326808919819816523e+00
5.624690536044532507e+00
4.099789996485452725e+00
1.068912132501829149e+01
7.996858204321037888e+00
6.033549608505326844e+00
1.011611535840471809e+01
1.741780798710195910e+01
8.125101636955683659e+00
4.275250255338386651e+00
2.533342395294788219e+00
4.458693851712849821e+00
4.241337361893504188e+00
1.200559918308127250e+00
4.144485146866712988e+00
5.411752157189642531e+00
1.091241350516008346e+01
1.107250793921880216e+01
1.789839322134634969e+01
2.147460026959894108e+01
1.950596880291464785e+01
1.222584881161651538e+01
8.367960236658232631e+00
1.121217109175140081e+01
6.642030950820997148e+00
1.179330571667573224e+01
4.958288685995836609e+00
4.206990433824809195e+00
1.208159105786642940e+01
1.333262861536194066e+01
1.461050145316125892e+01
2.010578697082192079e+01
1.918368932740145993e+01
1.904202999019840448e+01
2.140900471401085881e+01
1.589251477692099712e+01
5.338789221656162098e+00
3.135686553240559338e+00
3.261311773232509648e+00
1.978276038979240425e+00
1.835999544342972190e+00
3.108626323539998015e+00
8.637844663157437708e+00
9.191495191666085418e+00
6.741273143623586428e+00
2.031530323058472476e+00
4.647489142613492885e-01
6.664856801605354875e+00
1.677219916007753886e+00
1.964189617964488210e+00
4.568073449854892942e+00
1.194300951841778691e+01
9.625005191222594902e+00
5.484944831902276441e+00
3.882126236042584111e+00
6.829153641507394568e+00
6.712290950931611988e+00
1.331356879386812686e+01
3.702454593610609468e+00
5.051426493319101318e+00
3.795949147457464701e+00
8.955978640797093604e+00
6.810614271517150264e+00
9.264801087409814784e+00
1.431059043142303189e+01
1.068173097483332334e+01
2.045860661532728386e+00
2.904200494566180346e+00
2.705757450400016140e+00
5.580659276251331846e+00
8.973922277025236482e+00
4.491500679526289730e+00
8.308926342673835563e+00
9.237059088290973108e+00
1.217631032160897853e+01
1.309028435881782038e+01
1.352362585237888482e+01
1.776903115730781479e+01
1.603985644352635376e+01
1.551108106383473029e+01
1.408913695409984257e+01
1.151805549151610641e+01
6.328691288082195499e+00
1.277799149858929395e+00
4.128523186730171268e+00
3.480651710426357681e+00
8.615838965897946622e+00
1.419203823894646099e+01
1.736763745219929689e+01
9.148692795973104808e+00
1.419690363446683534e+01
1.443234640546544512e+01
1.024886029441839597e+01
1.064155991910287469e+01
1.513030639375941178e+01
1.654848480605896199e+01
5.502513641917844645e+00
3.761587100971456543e+00
6.306479416050745357e+00
1.107128040348518994e+01
1.752474361205888087e+01
1.246272092085632721e+01
8.069768983962745779e+00
3.926508522263109757e+00
5.918280776992379089e+00
7.028100797012616141e+00
8.788965101569385041e+00
1.260278306365422551e+01
1.001119401137731835e+01
3.195909365695462245e+00
4.205770883304136731e+00
4.857495003471418826e+00
8.131996042212342957e+00
9.843554068229318332e+00
6.334905601087609028e+00
8.271882032009546748e+00
1.810639589760595358e+00
1.205634079735824749e+01
1.286648416689160079e+01
1.181858179214190407e+01
1.476892470901267629e+01
1.410033775514948751e+01
6.913191974090927339e+00
1.157797068189438860e+01
8.908354197194721991e+00
4.781083354605552671e+00
1.419848570580814817e+00
6.415209315662130152e+00
3.117765714949895184e+00
6.788034914771055917e+00
1.203595926197605515e+01
9.148337897911485328e+00
1.378961772709772227e+01
1.036422634179875502e+01
8.038168038219028588e+00
1.047242128123963312e+01
1.088364375381260984e+01
9.193001494234554372e+00
1.633534074571577621e+00
6.736773324741923474e+00
8.000371421138680716e+00
9.163136652609175314e+00
6.427065462860532818e+00
8.185621691674070277e+00
1.525031201396849312e+01
5.971051235494369003e+00
2.951557515472427173e+00
2.634308909653549247e+00
1.023175664803396323e+01
1.812742515642973062e+00
8.871253955824332849e+00
6.181741240332659260e+00
2.073098826880458212e+00
1.027022453159205817e+01
1.129164184414170080e+01
1.116571831004557858e+01
1.046829566161216718e+01
1.010743142753852197e+01
7.347530400059795852e+00
7.750872483664372758e+00
3.484662193287941800e+00
5.790121583151925932e+00
1.225999412080546414e+01
1.767389512259250139e+01
1.985815270064413340e+01
1.030373031942691142e+01
1.557002299786265098e+01
1.520763287522834872e+01
1.653125147477966550e+01
1.544384990783499667e+01
5.910713590245695315e+00
4.421099845539899320e+00
7.035731687402667411e+00
8.862440594815629069e+00
7.019841835163643573e+00
3.157572411836410353e+00
3.863380123227186935e+00
7.252389918901641863e+00
6.999299454032959389e+00
1.085995291575674671e+01
1.435714370490980940e+01
1.695534281530623488e+01
1.827476638624726846e+01
1.173166360248953488e+01
7.112261842510648968e+00
4.088345441533910218e+00
6.234542345745177627e+00
1.603369253207169720e+00
1.392358056414245482e+01
1.620308379848039237e+01
1.282470297084186761e+01
1.409414107952324180e+01
1.226512190952469084e+01
1.160101742101915967e+01
1.239528203025815145e+01
7.020999223011425983e+00
1.723498006406176675e+00
1.657055226446751961e+00
2.517951908614077805e+00
8.199541194996974980e+00
4.621384208173871855e+00
8.285215098961298708e+00
2.774161601897296325e+00
1.106257322053512482e+01
1.295252312954093377e+01
6.127051084429190553e+00
4.889264235436264983e+00
1.047521200965832122e+01
1.749796225503808600e+01
1.169348445255209867e+01
5.139673328624462911e+00
7.504021921197063349e+00
1.952648574328071618e+01
2.158728010683839571e+01
1.318319115574655953e+01
1.253801767674131895e+01
1.137582135814508177e+01
6.115761337610091886e+00
6.070206964995047194e+00
3.877098298036053770e+00
8.748864663523201912e+00
7.236573912101952999e+00
7.996138203065954464e+00
3.736528322531594171e+00
5.517425680791919973e+00
5.997570845568860776e+00
5.126090384039646786e+00
2.706411670526999380e+00
6.619545166650347312e+00
5.335472900401565965e+00
5.188131563683066716e+00
6.226596852765112544e+00
4.398946862155598936e+00
3.112380798293752804e+00
3.915946250337509316e+00
6.835295683171564995e+00
8.429459388538845133e+00
6.527329701976113618e+00
4.821354571352297391e+00
1.478704402039558774e+00
2.981925846257080348e+00
5.586480485732085555e+00
4.286923915662062434e+00
2.227997651248230682e+00
3.739431557057686373e+00
2.521777480864942356e-01
2.197251715406122852e+00
7.151701637466487682e+00
1.063907244604868474e+01
1.355873234292752194e+01
3.543065156130169591e+00
5.783164260694267256e+00
6.603589655769656730e+00
1.176601111731119254e+01
3.252160320048952613e+00
2.171157786440324866e+00
2.038606961722532418e+00
1.322819444022925506e+00
9.884703922675187826e+00
1.128681469278141947e+01
9.585942502771535700e+00
7.820210231888435892e+00
1.068370974898731163e+01
1.387724057286803436e+01
1.720119894507702085e+01
1.213889244304232129e+01
1.014833938273348579e+01
1.316669293203826996e+01
1.271549620900458244e+01
1.875578761318435284e+01
1.499364417992736520e+01
9.092197172087375989e+00
1.322238562718244914e+01
1.841692762431511454e+01
1.225373078094607671e+01
1.439841120200166813e+01
8.523728257829345623e+00
9.373223625071776866e+00
1.940817703288241347e+01
1.470867213983741095e+01
6.443981718459684593e+00
6.911998565527101235e+00
4.730906835869896909e+00
9.133990924515535070e+00
7.691953050916588985e+00
4.521844628206766359e+00
7.987811878946821764e+00
6.601966856203418388e+00
5.765103403129524295e+00
9.816924209513585353e+00
2.079679622158097985e+01
1.726603566156092029e+01
1.673615810622245803e+01
2.335689579466423993e+01
2.059221768784185613e+01
1.882580691934039407e+01
1.843837225117162149e+01
1.233562452719091240e+01
4.833678118454715289e+00
1.364677182660414045e+00
5.743733094870373534e+00
3.036769567119526059e+00
8.267860609617414980e+00
1.235366305044813018e+01
7.250895180830615239e+00
7.178519360930776472e+00
3.798488549195937480e+00
5.852459984810809424e+00
3.759177296326413398e+00
1.510448988904109502e+00
1.005522335947634360e+01
1.947788061122900061e+01
1.867679687861242144e+01
7.791957022018030976e+00
1.061917020436815662e+01
6.702414300082417675e+00
1.328960465492946774e+00
4.713479760125325768e+00
2.721848528051467486e+00
7.329019318830233942e+00
1.282324537782014673e+01
1.602315390962821340e+01
1.775514649836998871e+01
1.640665306110630794e+01
1.422769733783219515e+01
1.464473977214420586e+01
1.332655552787236353e+01
1.223828770006299926e+01
1.033386938274277078e+01
3.195488641004460728e+00
9.587064663354192717e+00
1.615642416923543578e+01
1.876208668972620330e+01
1.415346656516565282e+01
5.451519006444035753e+00
9.809830487126184551e+00
1.409805792819673265e+01
9.385706561982837925e+00
3.290172542349867779e+00
1.441057162824273874e+01
1.020812274915740403e+01
7.809938310620902158e+00
3.335708103237561062e+00
7.952107797237285780e+00
1.029879769531626366e+01
2.103988264290576726e+00
7.020435350588300594e+00
1.350565705746265976e+01
3.167820240700392365e+00
7.566018313341587032e+00
9.855587449408343304e+00
7.429947992011412872e+00
2.734599000676581682e+00
1.296634458262373713e+01
2.304702804240775649e+01
2.755547756433404061e+01
1.260788612601895409e+01
1.213633222494306452e+01
9.758623514497346108e+00
8.386564031511552386e+00
1.696910145755582988e+01
1.812598831743594729e+01
2.005943690295903892e+01
2.888385872326368897e+01
2.752095727963860838e+01
2.382885735884693190e+01
1.873852158027228398e+01
1.582757985665832479e+01
1.552247681714873373e+01
1.386046787591515539e+01
9.549462227789465629e+00
1.083361842843745926e+01
1.347355690873189715e+01
1.005457730029910834e+01
1.361148774118899141e+01
1.274335015718815356e+01
1.409413808027127679e+01
1.102351773511123412e+01
8.682869572602113450e+00
5.877059786232260663e+00
9.934672961480977449e+00
1.088641626167663645e+01
1.195208587573885417e+01
1.294881950663171821e+01
1.216470885645840383e+01
1.514597496614553940e+01
1.183237034753105554e+01
1.081531394416074221e+01
1.682464759723309911e+01
1.796790105643373892e+01
1.432765285040018988e+01
1.183456086148282438e+01
4.616908923915725715e+00
1.453199351119647265e+00
1.414941219405077710e+01
1.500417275933530981e+01
1.484092111058878061e+01
2.261230569975109006e+01
2.880092393069084622e+01
2.475204039673219114e+01
2.062433096362048701e+01
1.994815148573893993e+01
2.230920651995490545e+01
2.479715630027093809e+01
1.683541480328927165e+01
6.859245085794698937e+00
4.696050514397339448e+00
6.823018435823339445e+00
3.362296333836201079e+00
3.091066295805852793e+00
9.000966390413148943e+00
8.025467559706155996e+00
1.148393729665161445e+01
7.248203412616096131e+00
7.784742195328079539e+00
1.512050609429859094e+01
1.518879958970640764e+01
1.262948395880499319e+01
1.346124931208835918e+00
4.574590510043470282e+00
3.682507353644740022e-01
6.694676643181040276e+00
2.006938056234460976e+00
2.695541032769991574e+00
2.562019232074449704e+00
6.674193370438411321e+00
8.140625674943942514e+00
1.678683662660633047e+01
1.267212373408363391e+01
1.781875987553058138e+01
1.523276364958417339e+01
7.853705420294200934e+00
6.997939935695601577e+00
8.446440034123307683e+00
2.642594226788567369e+00
8.783636436550610327e+00
7.413529769097122468e+00
8.211834352439147722e+00
9.789041937128114768e+00
2.267107210468044531e+00
9.611660825043458090e+00
1.155501000937074529e+01
1.460197486760391428e+01
7.750454625584900725e+00
6.209857487900935169e+00
9.469571990215884583e+00
1.189995768743213489e+01
1.081227204653502483e+01
1.905176948017259164e+01
1.965909016430991940e+01
1.162710904177957261e+01
9.925725266106820044e+00
4.016990275088734741e+00
1.201033076019445422e+00
1.211177757878606798e+01
2.072205913065281635e+01
1.915365861937782910e+01
2.052170811619515334e+01
2.160458507439713927e+01
1.617304584297320602e+01
1.522658487053786658e+01
1.300020087431521354e+01
1.320841412128555170e+01
9.089487664259314315e+00
8.012814621870099074e+00
9.159672371668808211e+00
1.311647553978685599e+00
5.376426799047720806e+00
1.742307043336471040e+01
1.927738726314602857e+01
2.012522646069426102e+01
1.372232434704263682e+01
1.140995448991458971e+01
1.031200074113443677e+01
1.139363546887766532e+01
9.170382256148041478e+00
7.854231504989011015e+00
1.205676073102279844e+01
1.022614932519465292e+01
1.543139072777064413e+01
1.565394731138996143e+01
6.704155468112396932e+00
1.421615779457173900e+01
2.125496351140928653e+01
1.227814415854003727e+01
1.307486231398108423e+01
1.168746033577395238e+01
6.422958661983838802e+00
1.399739904674562929e+01
1.859479707536559090e+01
1.359636575193989216e+01
9.680474161983973147e+00
1.178776543159254331e+01
1.121357401278690347e+01
7.360376685785727346e+00
4.113938924136100184e+00
6.044652342116262567e+00
4.796531783626245549e+00
5.023325185709958340e+00
1.232891478674828178e+01
2.109084801694795530e+01
1.535165701273804473e+01
1.058185620076421252e+01
1.556816749728984206e+01
1.859884566422462271e+01
1.770286479373057276e+01
1.136042458811940037e+01
1.047275833459783456e+01
8.174500132960872634e+00
9.637993527126427651e+00
1.995583355950514104e+01
1.773873685796353783e+01
1.233449182953667744e+01
1.653370159705790954e+01
1.209418559647161473e+01
2.161555076298401801e+01
1.049491307628756154e+01
1.446331267070025639e+01
1.873300214988501367e+01
1.473852995842513991e+01
1.396526162597685783e+01
9.254975796158937840e+00
6.271290567027797636e+00
5.141268159122230230e+00
3.003023363594312212e+00
6.599777881262721024e+00
5.672120901838074936e+00
2.665405320220757712e+00
1.061155236222091780e+01
1.569795280797628223e+01
1.797185619260336864e+01
2.227628661557697143e+01
1.297366501529520200e+01
1.156557863204525916e+01
1.127738589069898012e+01
8.279612799160071646e+00
5.113611698254926452e+00
4.036843155418311291e+00
8.258565836704867991e+00
5.684525781361594809e+00
5.085930175795234653e+00
1.347581865771421583e+01
1.864758322725147366e+01
2.218054309061188079e+01
1.868061116497013074e+01
1.426691884530792720e+01
1.158496177357408996e+01
1.668375708808283875e+01
1.433780636961011368e+01
1.780563004798357341e+01
1.358822500231841879e+01
1.414425543864665613e+01
1.433945195701983266e+01
2.253666348993687762e+01
1.916390120571415778e+01
1.340910757975876599e+01
1.955472207733190970e+01
1.556603131580382815e+01
1.380794317031809548e+01
5.022663833327404959e+00
4.287755937987343557e+00
5.639712994549897829e+00
2.814229200781343643e+00
2.578920500255499793e+00
5.765297051978216736e+00
5.192730955110914870e+00
5.437683346153997732e+00
1.106030946645709534e+01
1.305546294772808302e+01
6.501601980051785468e+00
1.394124751876226931e+01
2.381623312874688736e+01
1.765910237225823920e+01
1.319642366294991476e+01
1.517536661594039415e+01
1.883159950778010838e+01
1.943988535447407173e+01
1.403012872433927072e+01
1.336352478463331650e+01
1.352176197756426035e+01
1.025557073249465390e+01
1.101711373628688584e+01
5.988344877292992585e+00
4.881321734481352870e+00
1.278991395957307198e+01
1.707567501597591786e+01
1.836482444741339748e+01
1.438999577543539310e+01
1.197627305122267849e+01
1.522140462447382170e+01
1.654038491872498895e+01
1.559595767124802457e+01
1.891521592927942308e+01
2.565875427022462318e+01
1.783038003123744275e+01
1.775219368705543133e+01
2.063530702316993981e+01
1.672115377798925095e+01
1.488006205997263187e+01
1.171515926197223223e+01
1.461487044055371776e+01
7.848407097259146425e+00
1.447096448378295008e+01
1.684192254861147831e+01
1.825933845257233301e+01
2.297993814750503816e+01
1.988552012330925933e+01
9.689473918602226732e+00
3.830498653526717590e+00
4.482400377934766311e+00
7.928199290180174330e+00
1.356681779505255392e+01
5.681498245759854626e+00
7.490968695365810781e+00
1.545786746175573434e+01
4.098003650234828044e+00
3.729769278408177513e+00
5.447618906958977547e+00
7.235330072109617205e+00
1.292962367716044980e+01
1.537044969608615474e+01
1.205014666809976021e+01
9.042337334890730105e+00
1.061696590339434820e+01
7.778780400461449140e+00
1.105128076707832641e+01
9.326771677474891220e+00
8.686854418830549207e+00
1.458801926369414481e+01
1.081309060612792194e+01
1.274391120057305926e+01
1.089905926569469763e+01
1.454357949483157242e+01
1.533648928169849768e+01
1.855298898072555147e+01
1.797938559782596712e+01
1.669968897577189892e+01
5.549289948612136314e+00
8.353221964626190044e+00
1.177658529479169935e+01
1.455529842244858152e+01
1.744543198220742752e+01
1.280504419881200207e+01
1.318497135059221570e+01
4.649835595565128266e+00
4.941635774973559769e+00
2.841345697718468344e+00
7.335021085585500700e+00
5.403835318854099512e+00
5.573577874383845554e+00
4.866104947739353648e+00
9.808367406190646065e+00
7.466498180075258340e+00
5.700163442703180650e+00
4.841225849652701640e+00
3.468095768932389245e+00
9.767587209778437085e+00
1.057012861110866098e+01
3.333716257924707271e+00
1.357356185198643317e+00
2.929898905351297600e+00
1.479598322683210787e+00
2.169156726525040213e+00
8.494131963804443686e+00
1.317167399671886585e+01
1.161043399626262129e+01
7.899130872320493602e+00
6.044137296740057508e+00
7.644228513461683860e+00
9.659789718138757308e+00
4.662633118718377823e+00
3.783202584509195887e+00
9.214537542201506781e+00
1.749435305231771665e+01
1.416746946585142197e+01
1.554071243412073144e+01
2.332983254375901794e+01
2.054428825073510012e+01
1.342707848551056671e+01
8.306042859359729746e+00
8.298989451075174273e+00
1.710894776050985300e+01
1.193633658484026761e+01
4.040965884406018560e+00
2.940033839911444069e+00
1.361806218239678401e+01
9.851500749835416570e+00
6.588909194707230021e+00
5.361579931877175298e+00
7.327712765035546028e+00
6.331420284619517780e+00
4.628045402671434161e+00
1.208343647413035882e+01
1.555684528065664907e+01
1.311314574327037796e+01
4.110347925825363902e+00
3.163964726673880623e+00
9.579630949149267494e+00
8.341165749737047719e+00
1.608545744278951162e+01
1.183406030063879655e+01
2.230785576589855879e+00
6.683587345013018322e+00
9.963367584369319019e+00
6.411200204997880903e+00
5.110787400741405584e+00
1.867365688540691515e+00
6.172281165132389447e+00
6.840214376450262534e+00
3.947564410501922083e+00
1.905322100772744776e+00
5.266372360165311406e+00
2.031660738008504996e+00
8.452263666012827414e+00
7.658142681228541804e+00
3.583565729398084265e+00
9.069108379299313683e+00
6.654639436036449140e+00
6.540867757877956379e+00
8.525414742213150987e+00
5.097837552386565996e+00
7.907572697416286323e-01
6.556402490387867488e+00
1.863167650964986066e+01
2.139953925752761776e+01
1.601380278832671777e+01
1.580650386100548843e+01
1.151017325827913851e+01
2.138102343994950250e+00
6.389218833002347608e+00
3.449378575028632987e+00
7.860433808991505344e+00
1.728889896403375559e+01
2.118079400735235041e+01
1.689598904932126544e+01
9.568778390416968094e+00
1.071539741560500403e+01
1.311811670162699350e+01
1.059776268153438394e+01
5.854302708939926880e+00
1.428652819968833398e+01
1.413976677876201293e+01
9.114288065529938976e+00
6.246507997543814028e+00
1.449545286814798040e+01
1.608130727306670238e+01
1.413529736601148912e+01
1.027104860460294944e+01
3.953458292074758518e+00
8.589370607418562287e+00
1.130869791036035465e+01
1.193659483997469550e+01
1.293736682004436744e+01
9.875652684227025802e+00
7.592046424701749174e+00
9.016111425155656889e+00
5.391105909748183045e+00
1.206645598779242157e+01
8.389276734857023854e+00
9.920669757503242536e+00
1.487278376562104398e+01
1.419505914678767589e+01
1.025315833898817885e+01
3.335454349943402619e+00
5.270146479941706374e+00
4.730569866830023784e+00
8.180540141019450928e+00
9.716624900583232360e+00
1.360765487567075027e+01
1.735478769425720458e+01
1.437653433303630734e+01
9.426570371741867405e+00
7.549218916387455458e+00
4.427348158270676848e+00
2.866181410903183568e-01
5.145733676312036486e+00
4.200536051505463497e+00
6.305775384829369834e+00
8.093940658035128521e+00
9.589527227527929298e+00
7.464657899594541846e+00
4.892940830003407626e+00
4.719837444833693496e+00
3.449073506987981652e+00
1.704737905089632477e+01
1.514526996680559456e+01
1.531903726087041662e+01
1.993619472576973806e+01
1.297601208843929221e+01
9.816843150887386571e+00
1.278675706854679461e+01
1.494006485630584180e+01
1.538188383134710691e+01
1.216835463443269383e+01
1.286537535346138306e+01
1.637244095039109126e+01
7.915947672655914147e+00
1.395223489828863128e+00
3.720130796461640799e+00
8.170101150306450677e+00
1.013611264502099729e+01
1.005833029134730161e+01
1.394976153842954147e+01
1.638407088967637293e+01
1.538066068660971020e+01
1.508848071544407254e+01
1.284384359245269991e+01
1.419663144572610847e+01
1.247081805570566360e+01
1.439584851860116821e+01
1.830861184625442917e+01
1.255937770249763474e+01
8.913141873533655613e+00
1.047670194299770330e+01
1.309098160284940526e+01
1.244227259226835791e+01
5.547730364967751626e+00
4.402958642837153214e+00
3.710077761430408128e+00
6.287580730410252450e+00
2.630416409049302628e-01
2.409620838076503180e+00
3.639114286444712576e+00
3.283903869634914763e+00
3.484121718796142630e+00
3.817108642858457745e+00
1.424865605297269688e+01
1.512533268740682502e+01
1.832471412069751082e+01
1.961344735188225030e+01
1.517324855227755798e+01
1.178784763625445642e+01
3.970161998031054296e+00
4.877832810725085899e+00
6.407569545370268571e+00
3.092877097992316582e+00
3.765096369717446212e+00
1.993440477148615830e+00
9.117572053531171505e+00
4.432086039328708260e+00
7.591247845446100762e+00
8.743244424881449817e+00
4.942927252863590581e+00
1.275457300404758687e+00
9.565241717923631981e+00
1.338746608540535554e+01
1.503350737482163701e+01
1.041317428337282180e+01
8.244012554526909398e+00
4.024570086532594182e+00
9.956389162344615684e+00
5.708490475174468948e+00
4.834689902145984597e+00
3.448248061600103220e+00
1.185859609602928799e+01
6.719930165034955216e+00
3.035515116848190864e+00
4.019644911977533042e+00
1.000287689450253925e+00
6.002209935080824010e+00
7.317391578980583233e+00
9.437592247680765212e+00
1.119701373035993086e+01
1.696319992355714135e+01
2.077945063892680722e+01
2.144971943017109339e+01
2.680721011912858032e+01
2.872250141758419417e+01
2.177094508188210398e+01
2.117949175092639891e+01
2.090767510866268353e+01
2.051081605845231337e+01
2.416664832709928135e+01
1.456721938533750382e+01
1.309144596073782019e+01
1.845516138492044789e+01
1.103719990436953502e+01
1.090112848872761653e+01
1.435507967046114786e+01
1.796043144923845958e+01
1.821244005760233264e+01
2.235022781631059630e+01
2.039195831126777492e+01
1.412024103458244895e+01
1.553260619112421459e+01
1.654677398353194917e+01
1.195616097025136426e+01
9.087400047177103701e+00
1.275594613351631601e+01
1.274903433473071956e+01
8.846622730321527683e+00
1.088822829421484073e+01
7.539356470692055723e+00
6.353775917519052463e+00
1.065760260550344185e+01
1.011171521099835147e+01
9.827104950658917204e+00
1.405746163444329611e+01
1.199555840885345326e+01
1.116280503308639993e+01
5.566761108153098547e+00
4.561263071129332047e+00
1.957501819217014827e+00
3.116391954475794535e+00
7.477429728772157169e+00
8.558612497887517989e+00
1.909081347336502699e+00
6.248630558793019318e+00
5.838525199599093440e+00
6.601172364862042841e+00
1.090374424065980286e+01
9.058389991041934763e+00
1.020730652423221763e+01
1.430877050588019550e+01
1.295550821839924893e+01
1.301744141035462832e+01
1.781953138691333294e+01
1.508579157754972577e+01
1.021533281187662823e+01
6.620983542490455065e+00
8.357328001562883912e+00
1.311219444118992605e+01
1.272443991779758043e+01
4.917997182973267378e+00
7.904815823597922453e+00
4.286916769371313052e+00
2.474241672805185033e+00
1.975575934212796092e+00
1.157947841484370599e+01
1.260321926043116392e+01
1.412995162420485507e+01
6.890906452422838058e+00
1.106714745569754577e+01
4.124224423178862509e+00
6.551767668195095595e+00
1.299460983707855233e+00
4.460178973140344283e+00
9.477333283611381276e+00
1.560972731696503502e+01
8.850692684233402829e+00
1.380168142777817053e+01
1.149690646864605625e+01
1.284215814220999619e+01
1.064276815384899777e+01
8.461688713037252896e+00
1.214339680955873568e+01
9.081391120363173641e+00
9.747281179879811575e+00
1.029060779496986555e+01
1.797602211411879125e+01
1.123195372276246573e+01
1.154886355227661987e+01
1.762422846778416741e+01
1.785552267224446865e+01
2.093848856980276807e+01
1.735180560538952221e+01
1.704687917480303838e+01
1.353733429467373917e+01
1.092312170667433513e+01
1.092121134835333507e+01
1.140537641329259877e+01
1.207881046814360992e+01
1.248974630594648971e+01
1.065509157785557370e+01
5.626508988548749812e+00
1.185321229949043342e+01
1.198783254112955987e+01
5.457869807185460331e+00
1.228728280488074276e+01
1.021958565020359266e+01
6.576971446981486835e+00
1.164735699659109613e+01
1.036049408099881042e+01
1.633963439332972456e+01
1.093635318909245413e+01
7.079614548383742267e+00
3.370727332547686750e+00
8.346201466719522344e+00
1.149244807060167872e+01
1.496292514286039932e+01
1.319170702712207799e+01
1.282560514431801479e+01
1.331558857993246470e+01
8.168037180044713352e+00
2.741717931948286946e+00
5.505468675410535084e+00
7.592767972831548029e+00
6.530464396815537143e+00
2.546772669429668845e+00
4.973891372152048795e+00
6.178193015248637288e+00
1.295620115216261148e+01
1.181237319349802206e+01
5.475301791967978282e+00
5.618995460657433938e+00
4.805423918851436937e+00
8.971546235331151919e+00
1.917214018183284097e+01
1.488243361658684982e+01
1.217265055990589140e+01
1.120104853349694807e+01
1.126128029548319631e+01
1.553330564547558623e+01
1.210372428848461368e+01
1.226022395715557600e+01
1.882491378856736475e+01
2.768291930878549323e+01
3.192410631562210455e+01
3.124922501611586156e+01
2.491076820508383349e+01
2.286046235628678147e+01
1.952144485298749643e+01
1.058522584094833618e+01
6.982606552735208805e-01
9.561287817031356440e+00
6.244287556054008093e+00
4.466054518447000632e+00
9.423208540100157293e+00
7.307857698426730053e+00
4.112445012096509700e+00
4.241549023390568607e+00
9.543381091418073225e+00
9.462742533483604390e+00
7.924062946415924458e+00
4.299780802480241526e+00
3.280161655291067735e+00
3.567015589175961843e+00
9.666925066971206348e+00
1.221842567040796723e+01
1.834591730330730996e+01
1.627892531684538824e+01
1.193546894548361870e+01
5.869418745239133983e+00
4.306084369401532719e+00
5.864581391125621934e+00
3.645259751273952187e+00
7.578592000573236120e+00
1.064051026159592794e+01
1.129090722912873268e+01
1.139831915427037501e+01
9.190631823505567510e+00
3.311524840865836428e+00
3.164137871432630700e+00
4.452018800573233293e+00
4.473170064369591081e+00
3.934469888814893235e+00
4.006344255064889559e+00
3.543313998378604168e+00
6.047084209572765268e+00
8.647063434142427951e+00
1.484226441059287360e+01
1.101534379702489197e+01
7.866392267233962343e+00
5.816497442447668753e+00
3.581119903528168003e+00
1.196245971981197798e+01
1.028243983559183761e+01
7.805469988941361237e+00
9.135985155858962870e+00
1.384710214966676389e+01
1.165413939945566746e+01
8.396731757182461564e+00
7.495326072318654553e+00
1.234096044604751974e+01
7.201951904688873363e+00
4.947931918532099793e+00
1.245975294426429514e+01
1.284233314594489705e+01
1.047742909732237848e+01
1.265787459251072278e+01
8.373330847797364029e+00
5.933075814659266811e+00
4.215311526258811448e+00
3.919032217189313716e+00
6.549340029226904392e+00
4.824088540625818489e+00
9.464292768984980952e+00
5.197061930626607484e+00
9.414408292233684250e+00
7.844490008156799199e+00
5.807764926120301041e+00
9.745275878614878096e+00
5.161475890453045778e+00
1.592850822476198136e+00
5.776485025760837999e+00
7.158363837034579902e+00
1.086467037660412238e+01
1.586738000452854003e+01
1.039288423289706387e+01
7.171114719774895896e+00
7.693880573195559514e+00
1.293036669941151828e+01
1.486852405340167316e+01
1.337058105007347208e+01
1.564963146975317798e+01
1.171932068719965514e+01
1.227458634233172319e+01
1.317463695700757143e+01
1.303144757818140143e+01
1.747030607126852431e+01
1.977832287046977910e+01
1.988788580195912559e+01
1.140855351615331159e+01
1.100527902665847435e+01
1.633485247188707135e+01
1.950647738317334046e+01
1.603983890088521491e+01
1.416819299004573907e+01
1.840036541293276073e+01
2.028402503421076375e+01
1.487485250632714973e+01
5.683845710621811875e+00
1.152572408400943615e+01
9.731127897195349874e+00
8.398036233936299055e+00
1.011215930532419449e+01
4.290573317409826615e+00
4.159514110486179916e+00
4.788189397319245089e+00
1.035926290521704018e+01
1.167923268179142582e+01
1.884608920934990195e+01
2.393171660563476522e+01
2.221832382486656243e+01
1.569547366567381097e+01
1.101090261014026694e+01
8.910937796911394315e+00
1.508398840171129152e+01
1.057876992312302811e+01
1.025663289187487592e+01
1.507481433088756440e+01
1.608730047456291601e+01
1.463339169300090603e+01
8.501065859746944398e+00
7.818821898629092715e+00
6.407144258538962411e+00
1.362124615926121152e+01
1.985502553906817980e+01
1.673205071386825793e+01
5.340902616788929080e+00
6.166572690291904912e+00
1.866278050953216550e+01
1.162348442121817271e+01
1.533244919220118163e+01
1.991190648286003295e+01
2.117207300037877715e+01
1.565650843019098737e+01
6.323511086727170216e+00
1.007139531361034557e+01
1.015357189188381959e+01
1.043027076692641941e+01
1.716307317826115053e+01
1.757753560660047398e+01
1.654983204619160020e+01
1.379748455411665020e+01
2.856889081281609677e+00
5.898524750166114217e+00
7.248624445916248327e+00
3.081191416444087672e+00
7.527237919067594873e+00
8.318209655031658656e+00
1.154246919580595154e+01
1.339157002937929519e+01
6.970512475634267346e+00
8.354445525846971421e+00
3.293478518893514284e+00
4.234857190536373217e+00
6.939942936579541310e+00
1.681397588067124715e+01
2.258186433827065187e+01
1.642514125858485130e+01
4.308525499084488786e+00
1.084201147363205919e+01
1.324565626788567307e+01
1.875659268901758026e+01
1.790158975994959789e+01
2.216424137627733515e+01
1.554398365679014127e+01
1.233813074042284619e+01
1.158717249022388529e+01
1.121132252869675661e+01
1.363550448477603716e+01
9.804756389772183667e+00
4.425417847200409760e+00
9.351715804527195530e+00
6.032715635935371523e+00
7.287860989136552448e+00
7.471512861121508919e+00
3.735852677207459394e+00
9.830078614663229075e+00
7.414267930274145435e+00
1.078340954406187713e+01
1.151509321660413754e+01
7.736064217295574252e+00
5.995221418347206566e+00
9.189892910627339262e+00
9.778519881475913778e+00
1.469297892034291131e+01
2.158450359683007136e+01
1.540649893515199409e+01
9.609698639022980160e+00
3.535418230869282752e+00
7.234929297492085354e+00
3.610166289136039097e+00
6.730810862405705919e+00
4.669095746007659642e+00
7.108234800422760458e+00
1.142640842767536036e+01
3.326594772214759299e+00
4.997161561221954429e+00
6.699905347988273974e+00
6.189731799749973007e+00
9.567703769923944890e+00
1.448771565771961178e+01
1.743044259714525879e+01
1.635520956642324464e+01
9.235367348994696357e+00
1.388758682893607155e+00
6.774705968007025625e+00
1.480320756215017397e+01
1.090021057881819644e+01
1.603595586724847877e+01
1.249821436116916651e+01
7.589184595682559653e+00
1.214134226258962279e+01
7.321047651743422868e+00
4.390697464179289966e+00
5.811818425387748732e+00
1.668107684613845398e+00
9.054708087018537910e+00
1.453731087660455223e+01
1.016397857335950761e+01
6.484551486158290245e+00
1.536214574017774659e+01
1.970471138137436640e+01
1.853708067779997037e+01
1.437283574160450783e+01
1.172896042555128915e+01
1.253497584846565260e+01
9.642223908908434282e+00
7.893108813472276886e+00
3.918432463492602214e+00
4.827672059985704145e+00
6.747787135704480299e+00
1.009479114945571077e+01
5.755504252501645546e+00
1.160738816264815831e+01
8.866452668493472800e+00
9.541487817171987018e+00
7.737841115285309712e+00
1.240658360315973852e+01
1.888826541723041785e+01
2.022540266284755361e+01
1.964786755208035274e+01
1.699495678972283486e+01
1.417326103099077805e+01
1.632849655859597249e+01
1.449087637801977380e+01
1.644430587853844372e+01
1.143871443886835237e+01
1.819756361340881057e+01
1.833863746119853744e+01
1.117952180150520647e+01
8.757781618061972750e+00
1.188662022692003006e+01
1.701787870323490637e+01
1.560142308842632275e+01
1.605789722616405513e+01
1.650859476332982823e+01
4.862708853219736227e+00
1.083479930758240428e+01
5.002058868323532081e+00
2.873512718611088701e+00
5.614017101735363724e+00
5.284269157978474851e+00
7.370727171744696271e+00
4.035535669355258648e+00
6.807161389385129269e+00
8.403295219786802051e+00
6.887344015922836071e+00
1.097798850433301610e+01
8.550867005354845674e+00
1.521432409194079405e+01
1.883934670630720376e+01
7.432290825976873627e+00
6.842955816241779843e+00
4.099279795814244842e+00
1.422574996330491892e+00
6.598498628433786095e+00
6.754833387206346629e+00
2.476562406448230114e+00
6.712027560481809374e+00
6.341365732579142822e+00
5.927279868222671055e+00
4.167470143939216776e+00
4.273976596190177446e+00
5.380014269655021053e+00
4.765499432545398761e+00
2.463201229058157082e+00
5.120027793591942711e+00
3.611346278660889197e+00
5.582235993658680506e+00
4.922558969084934510e+00
8.522989996203465424e+00
1.144408732565414866e+01
1.000830292310105385e+01
1.200823633815875979e+01
1.059822854680688486e+01
9.106322797392010671e+00
4.297021918647016214e+00
6.679901525240165228e+00
8.448081577591931790e+00
1.243198881373456466e+01
2.763608460289586510e+00
3.368272220791075355e+00
4.257106300895929785e+00
6.554178744944712420e+00
1.574139401990410647e+01
1.279731118451290328e+01
1.079273326618323381e+01
9.832610880950882759e+00
5.948533886035150431e+00
1.701925636252058283e+00
9.142062145218233127e+00
1.073016771147137405e+01
6.768848029390682974e+00
6.637516365672430751e+00
5.877557870141169261e+00
5.672819910049211600e+00
5.653730451714103822e+00
5.857850386419395150e+00
6.994873649995964726e+00
8.070035205224780128e+00
8.495093744030880245e+00
1.570388593087387541e+00
9.789446499876367724e+00
5.987881442903908891e+00
1.066138005344939543e+01
1.092037447190693555e+01
1.033525587374097299e+01
7.561335376883050685e+00
1.465972836881704211e+01
1.455581300857813432e+01
1.004752695826430120e+01
1.109674537591509846e+01
2.270493125825711900e+01
1.785344150640420224e+01
1.423779966085939641e+01
5.992647006831630208e+00
5.537690197896946387e+00
1.005569149304604082e+01
1.287676459862511003e+01
1.902803731942960752e+01
2.333818974079266440e+01
2.469372691537989084e+01
2.184889662553121070e+01
1.905698018507626657e+01
1.775267598754762233e+01
2.186878081426766229e+01
1.535312024489018334e+01
1.419888460068687586e+01
1.670450383095241520e+01
2.016053964151777933e+01
2.406651214198719657e+01
1.906323674308366023e+01
1.412050036710445156e+01
3.148810920946305991e+00
6.028824062931061434e+00
8.204571951854378042e+00
1.230120264104274952e+01
6.207580458813838575e+00
1.344983090843949469e+01
1.262959412726409170e+01
5.870186834830708023e+00
6.337515870804578455e+00
4.139435808831625430e+00
6.796779362695715143e+00
1.776318003698337122e+01
1.310935489687437716e+01
1.212927340066288551e+01
1.083125989072637196e+01
3.063278165553768417e+00
3.409429795619187686e+00
6.638658933320233047e+00
1.602999598756902699e+01
9.408736841894704384e+00
8.890670519897129864e+00
1.212227702618029745e+01
1.335881870521140868e+01
8.894158826386510341e+00
2.910370502112442193e+00
6.258227086510986581e+00
1.027724285815041050e+01
1.455043496689055083e+01
1.646912485251499092e+01
1.095530339477073056e+01
1.366354807774783175e+01
1.756146117100928805e+01
1.419082665323607628e+01
1.267230336375338062e+01
9.906717426364982870e+00
1.344009392123749791e+01
1.255474686145596763e+01
4.230891121695016466e+00
1.992390658485656330e+00
5.286331521868779859e+00
3.794530795875123097e+00
1.067119936597753060e+01
2.667366821367171070e+00
1.826302336728600428e+00
2.092088314163779827e+00
7.456638620417688657e+00
1.010067251002484312e+01
5.008888301197064408e+00
6.446542248482068693e+00
7.253880264096681074e+00
9.308367303094705392e+00
1.402821706611974761e+01
1.252680898066828874e+01
5.682640249257772780e+00
8.961286659961531953e+00
7.077995165651998377e+00
5.052255928791341333e+00
4.949301965454654173e+00
1.211449149855905105e+01
1.116549865961239441e+01
5.773267240522100607e+00
5.819834970333470636e+00
2.624811251153284175e+00
6.597963997468834663e+00
7.479656507620320305e+00
7.249419357162230959e+00
8.790621489246490228e+00
9.401929286446705447e+00
8.200827388850390420e+00
7.952421281362580530e+00
3.541223543439314447e+00
6.020303769054135223e+00
7.372184059341167384e+00
1.075510340656536101e+01
1.147097273616571300e+01
1.082771338529899907e+01
1.422465988059086683e+01
8.262643815861318686e+00
2.634053386178055067e+00
1.113318731952813323e+01
3.535727434226352273e+00
2.937338171366480566e+00
2.896100464396027530e+00
3.179129870307188632e+00
6.733754615633903207e+00
1.034931204861245035e+01
6.835581830293772754e+00
6.536066727541358645e+00
1.286354668132308987e+01
5.999091131624534334e+00
7.833024551411028824e+00
1.801168993241660132e+01
1.875901007850666247e+01
1.418551702649716262e+01
7.933284648549827622e+00
6.378681485257279071e+00
7.299104548639054890e+00
6.494630583720364392e+00
7.246595032365018341e+00
9.269033636429298895e+00
7.903377351428768627e+00
5.047666374990797067e+00
4.901576554682945286e+00
2.434006611147021992e+00
8.488770727389040260e+00
4.728804171707206905e+00
4.249407329581101678e+00
7.403166507577628508e+00
9.086689354386258799e+00
1.318290407972640210e+01
5.382840639974695307e+00
1.251553380022724227e+01
1.573886708551511049e+01
1.814672522611339645e+01
1.369217382938833616e+01
1.002501741585457395e+01
1.152018639061796179e+01
1.386420674687286692e+01
1.198394594310975947e+01
3.690643391765531689e+00
3.952107077559928072e+00
6.669800278838878604e+00
1.991631394467858751e+00
9.436713034877985962e+00
8.073632927865547870e+00
1.045899987631969630e+01
1.667010406149054091e+01
1.603428613066182251e+01
1.513219126180746699e+01
2.007978013653391969e+01
1.832201376275880733e+01
1.048428990779180126e+01
1.438721786615495724e+01
4.815823366491900792e+00
1.462516493133096063e+00
5.936643782592087248e+00
8.549516209957346291e+00
3.026690654682305137e+00
2.182999933027817696e-01
7.667106584378466927e+00
6.377632921159717583e+00
3.434583998177948683e+00
4.455331180618803621e+00
1.058610704087783816e+01
1.154378762293741900e+01
1.688173509059436483e+01
1.966827974673441304e+01
1.891926338742318592e+01
1.333959913506148354e+01
1.336068890829795741e+01
8.702251180798194596e+00
1.123786077652719229e+01
1.070794118212432267e+01
2.949807063951786823e+00
5.376073533213815203e+00
5.676034617816965167e+00
2.937339706004533202e+00
1.076917983470289286e+01
8.304340751952549837e+00
6.216189789420582201e+00
5.102002271744430217e+00
8.307870760175072533e+00
6.089581078207958242e+00
7.078237859566494983e+00
1.359668097793564279e+01
1.698006494364029706e+01
1.460105120470100104e+01
1.015373581475058806e+01
8.240877470670483262e+00
1.210559669611107836e+01
4.999372349253950354e+00
9.568213709339248751e+00
9.511371590298615786e+00
2.720363043863464725e+00
8.868254676472858478e+00
9.647724749158562929e+00
3.172613497588536280e+00
3.960011576611419226e+00
7.444862516195272839e+00
6.330676463566147660e+00
4.024474379223562437e+00
5.129299108916809402e+00
9.333960571472394108e+00
1.416853541642456449e+01
1.159502068724180601e+00
4.204981891006773331e+00
3.750788403315567621e+00
1.140244759174241551e+01
8.850635202173268823e+00
3.828619508766580193e+00
3.206522087195089021e+00
6.737539624298789498e+00
4.369405070711016137e+00
5.193998125131392918e+00
1.540910406374393737e+01
1.571030673097412489e+01
1.354138386196892796e+01
1.189421070771257405e+01
1.212221659548566421e+01
1.018718085426973019e+01
1.123080153404882253e+01
1.099773920321624843e+01
1.586073131975229522e+01
7.293037807692383190e+00
6.814101426890872837e+00
6.648655569312390767e+00
1.135555424080168585e+01
8.523793599793078712e+00
3.307457957240260704e+00
2.540941002225888923e+00
7.526321463715995641e+00
8.402207615477083280e+00
2.885371069050028492e+00
7.593121522099083087e+00
1.456800205205064991e+01
1.013873258281291356e+01
7.776711061523807089e+00
3.502093246665978210e+00
5.142021229999143905e+00
1.227305819654928598e+01
1.084636562309801278e+01
1.114017006432299084e+01
9.150615061226922364e+00
5.467618352075938937e+00
1.116622012057694668e+01
6.536913877540952100e+00
8.762429784104350361e+00
9.650291620154913375e+00
9.738152935530150600e+00
4.139490779130245102e+00
1.702393810575264066e+00
7.361133077037306904e+00
1.333091308358761928e+01
1.427828766059507970e+01
1.002574448948295327e+01
4.998505860065995066e+00
8.085128765320416022e+00
3.353488891573626507e+00
5.460146366017682773e+00
2.815396599579129244e+00
4.586952030318646401e+00
7.012016875289740270e+00
5.694519248128958822e+00
1.130871155228963154e+01
1.569044892471891828e+01
9.659065712013672922e+00
9.808346197546796930e+00
9.317537863691914168e+00
6.381163515850090562e+00
4.730593394118304928e+00
3.557655839075748450e+00
2.550980369928137481e+00
6.993561028869258678e+00
7.898088838832203251e+00
4.637430443948181491e+00
9.960119037734129321e+00
1.938572918278143575e+01
1.949798395656580041e+01
1.421469835202366383e+01
9.279082287240008498e+00
8.029304824200536927e+00
1.291410637321135191e+01
8.073513773986482178e+00
6.383777069320787589e+00
1.262450771180315678e+00
1.891765431769385275e+00
6.388906780109520511e+00
7.178765380450538025e+00
8.603407195786550332e+00
2.916960847882974051e+00
5.671275731103882833e+00
1.011948514910869434e+01
8.522842925122359858e+00
7.609064535929366713e+00
2.679995518854923375e+00
1.359143549661779193e+00
5.352497278596372254e+00
1.004475669449186093e+01
8.708656002549265196e+00
8.864702401234453077e+00
6.517812395849094997e+00
5.604902236816709404e+00
3.720892616498039374e+00
4.684315140332959260e+00
5.615462171373279965e+00
1.084403543502705247e+01
9.508224926982872915e+00
4.652845702414388107e+00
5.475444976634863181e+00
1.437434394230349177e+01
9.612731943901479781e+00
2.435392471927996461e+00
5.040975877392360971e+00
5.958178035609310363e+00
9.946902705190961314e+00
5.972851507764222134e+00
1.239341749968402739e+00
3.362191400182747536e+00
7.921535644956298583e+00
1.192779089243154900e+01
1.086283435695384725e+01
3.330131821826334271e-01
4.845124437318862221e+00
1.055745785864673936e+00
1.002352273282203665e+00
2.430144884664868332e+00
5.512560488863098129e+00
1.566921807271920430e+00
5.111927917891216921e+00
4.687996952355320879e+00
1.226555195911359419e+01
1.752754711320385539e+01
1.892546089390059905e+01
1.611315542090926556e+01
4.868578817296504546e+00
1.303828684916955183e+01
7.764878739176356959e+00
6.841360187035929741e+00
1.299710427864664730e+01
1.802558783752629523e+01
1.566920477420319813e+01
1.685151258846508426e+01
1.581737863184058135e+01
1.522809965208864647e+01
1.397924466380421649e+01
1.376643554200551023e+01
1.566364652678327118e+01
7.710681723749310379e+00
5.964703346528581918e+00
7.368217943388418512e+00
2.755172225507903860e+00
9.355045362626714933e+00
1.546364853023455410e+01
1.418654544498488690e+01
1.207714978518238524e+01
1.108628312255182813e+01
1.129602066888034528e+01
1.358586764589798257e+01
1.508659796155347976e+01
7.933696046019803383e+00
9.865865896132303803e+00
3.734076621679678798e+00
2.419904149311758346e+00
1.016432569888630866e+01
1.309438898315518252e+01
1.455712428742138442e+01
2.125609296697234285e+01
2.333254698310668118e+01
2.978560299044511339e+01
2.547122454889687049e+01
1.940728234184186363e+01
1.884964956604300212e+01
1.197698879332062383e+01
8.267812786627542820e+00
6.355624473607399239e+00
7.077208539873983462e+00
1.696539140888253883e+01
2.209297590364670683e+01
2.627390044577157369e+01
2.455242291862778004e+01
1.099655027587495937e+01
8.772391900346972804e+00
8.392077964594072625e+00
1.118365104595792658e+01
2.620480491502380715e+00
6.675972764551918459e+00
7.130106212617049799e+00
3.082641104150487976e+00
3.748931463630262861e+00
8.135692642147967391e+00
1.075620759145429517e+01
6.524082571749454829e+00
4.655789865597383503e+00
9.120357227868362671e+00
7.831156536048825778e+00
2.570859922245416040e+00
5.160673121266967200e+00
1.553942690971263296e+01
1.924939410670598505e+01
1.390763152987588391e+01
9.248565284475102288e+00
1.013511537085280878e+01
8.000062665543325124e+00
2.257871427277734266e+00
8.477366116643903382e+00
5.531422623989792342e+00
5.400099005648336892e+00
7.209828503017674528e+00
1.105092620437027762e+01
1.804754416347958212e+01
1.436140288540601517e+01
7.563404044691745653e+00
1.015374762503895134e+01
1.071489462755164546e+01
9.817358663917696404e+00
8.538965015301382522e+00
1.216280580469092598e+01
1.404516505337259247e+01
1.320306538647263039e+01
7.792931722072649947e+00
6.403323145472946010e+00
1.567846876101663511e+01
1.278407959351865308e+01
9.367407629890568188e+00
7.733881276442584607e+00
1.711559520809754531e+01
1.765721804082162549e+01
1.100631417512174437e+01
5.143345744989369805e+00
4.894431004532576068e+00
5.330273367615033564e+00
4.313163751541675417e-01
5.243173739276841161e+00
6.100765895472180844e+00
5.347811617620434887e+00
8.155372346515726178e+00
8.532790864918347040e+00
1.066886006296306633e+01
1.467170598316423025e+01
1.937235621532288832e+01
1.832461137264498774e+01
1.333065021137338491e+01
1.464728067382524301e+01
1.189995939863822905e+01
9.922130580546822287e+00
3.627095632700307437e+00
7.555569206899162005e+00
9.837657977499175033e+00
6.876054204244321788e+00
8.861438910152999782e+00
6.187261453395668909e+00
2.691124806903949285e+00
7.577636994156760064e-01
5.660308428059907193e+00
4.781371630806813045e+00
5.245958107490906741e+00
3.864762204801260204e+00
6.531718359249376604e+00
8.467107163260065406e+00
1.357943236851989077e+01
1.365270419357695708e+01
1.179646899557316431e+01
1.395200711147757744e+01
9.607993670686706622e+00
7.311567650031073562e+00
1.112066892130713747e+01
1.390902841637563725e+01
1.379729449554160503e+01
1.034190410833569551e+01
1.457130891266001704e+01
1.226936838105986993e+01
1.365246524750483026e+01
5.051840081669385363e+00
4.526144431877010987e+00
1.794400815374354252e+01
1.205653733546930084e+01
1.340507444154221695e+01
1.365244982817988628e+01
7.282799816880225485e+00
8.641059135604367114e+00
1.478675105716294169e+01
1.525423279771788110e+01
9.954591756516729006e+00
1.079715879638597720e+01
1.409935851823137476e+01
1.905992794280685843e+01
2.377462581922623031e+01
2.130596590399703416e+01
2.268214044342825986e+01
1.635917993993003350e+01
2.296722440034048418e+01
1.958425895904180436e+01
2.035969900618243145e+01
2.233579085471499326e+01
2.110450733668017520e+01
9.961652147283597714e+00
9.257213404361573694e+00
1.456421245926774866e+01
1.247966253898833955e+01
1.079926507429860294e+01
1.417130910047152881e+01
8.134870046649751885e+00
2.878493194842161707e+00
1.360252774044449442e+00
7.386013622101646803e+00
9.422738273830859157e+00
9.685945537814292905e+00
4.354556847643901385e+00
7.897871713010136574e+00
1.128055612876179481e+01
9.007788320775079072e+00
8.834343732712345298e-01
9.000919340038381122e+00
1.152008726688905149e+01
1.248382956503038876e+01
5.341605268325208655e+00
6.224852778019692501e+00
6.273124015839256273e+00
1.746670935916598832e+00
1.850173852639564132e+00
9.417077364639784065e+00
6.579247514033392363e+00
9.398651308674896399e+00
9.530890085887822494e+00
1.042039212900294842e+01
7.816553951762815089e+00
6.789925826662709163e+00
5.485216727222441691e+00
3.345265833831053026e+00
7.976632212110304820e+00
1.191849638315036763e+01
1.301944728045963551e+01
5.512099674675789096e+00
3.338576529329538189e+00
5.665993095567422699e+00
1.259390744419645713e+00
5.717038730863136742e+00
2.480268440547526154e+00
8.341360345380627095e+00
6.541414862889036286e+00
5.841258833417307450e+00
6.980251074350630525e+00
5.944633236898091866e+00
5.315031594981904028e+00
9.975410556004668194e+00
9.176435227076327195e+00
3.041089779329749554e+00
3.015275976504620647e+00
9.463385640809839572e+00
1.108199974107144392e+01
1.249117063321617493e+01
5.837569089363597641e+00
7.806352430841397627e+00
7.336323881166480376e+00
6.795931453631602004e+00
4.256335271249048091e+00
4.028114107441698621e+00
5.659425129024040046e+00
3.850784860096971407e+00
6.935902702036247369e+00
4.488866480208274723e+00
4.413652600810777926e+00
1.056353814061454166e+01
1.141175779358801634e+01
9.041283667918920131e+00
6.235385650953116254e+00
6.365547402367069729e+00
8.793748066477347081e+00
1.528371509063027922e+01
1.961393725967192481e+01
2.556817384612727651e+01
1.903973094650493181e+01
1.431667418961640514e+01
1.418912353577239571e+01
9.904620533655453585e+00
5.474306335310560101e+00
8.029293917847002859e+00
9.879281890553851753e+00
1.207673369319610046e+01
6.521630047342567238e+00
7.022961383624284792e+00
6.921893562609620076e+00
1.025474658374021075e+01
1.329852698416315526e+01
1.104443303999874715e+01
5.526848043664783106e+00
4.753191678737305637e+00
5.404512659263510876e+00
1.953751179148118577e+00
2.750381823409448590e+00
7.403517685955868011e+00
4.202846148001336601e+00
8.809775630660798384e+00
4.873131071995417507e+00
8.857433618958237886e+00
1.687220117460157098e+01
2.025937476610390320e+01
1.399842851845584057e+01
8.951314780923718573e+00
5.147401390548353994e+00
6.007622573879457306e+00
4.671337801195361017e+00
8.744773706560890147e+00
4.885230380731091060e+00
1.225575163725643790e+01
1.561615979226248996e+01
1.424002976276526233e+01
1.734296419862037553e+01
1.264695723741546729e+01
9.738263642995363512e+00
3.516589613240296508e+00
7.946910531279536283e-01
4.535261735313118159e+00
9.297005094388632429e+00
8.381594258682884657e+00
9.460019769850459781e+00
5.939563916783129116e+00
6.166325798990620832e+00
1.581404625275365738e+00
9.931992708458892594e+00
1.566102409406660811e+01
1.460379390572659375e+01
1.409401496631392092e+01
1.105382716181658864e+01
6.640495178224287365e+00
9.943882648482849973e+00
1.283035281858598431e+01
1.190280427708542810e+01
1.753575205712286333e+01
9.840873808039944493e+00
1.182221325768495390e+01
1.451824832651202657e+00
3.634309503180912060e+00
7.950964598239398384e+00
1.103604497613420676e+01
6.385876669569883646e+00
3.860290173765628552e+00
3.491071492269063992e+00
7.756468753313288111e+00
8.749141026354923412e+00
1.383487879884435223e+01
1.635094328208957748e+01
1.131785620775195689e+01
1.551953638410951619e+01
1.725979860001633170e+01
1.532561239930521246e+01
9.435963341038370089e+00
7.770220810784706167e+00
4.708431411100187702e+00
2.066487449265666854e+00
2.650867945301448980e+00
3.839397811963594087e+00
2.503765034055529526e+00
2.744929992090914261e+00
1.129211881456122057e+01
9.445197374666197021e+00
6.378795177357623913e+00
1.640291641286247426e+01
1.599278277067350196e+01
1.852733233083862885e+01
1.321903239213275683e+01
1.627722177829205208e+01
2.086983337175155384e+01
1.476181348220712941e+01
1.622061363086029573e+01
2.261853286949101616e+01
2.056518230747447262e+01
2.063332152814727749e+01
1.796443204420660678e+01
1.533264545948564539e+01
1.914872268615064499e+01
2.202702982595817005e+01
2.232698197556943143e+01
2.075588837686929722e+01
1.572412442064011628e+01
1.551287708307880919e+01
1.648919258257819465e+01
1.920040257742805778e+01
1.633408899871657027e+01
1.622688096081738607e+01
1.155233006834590270e+01
9.638391407043970460e+00
4.312235674481195602e+00
5.875577201327213395e+00
1.109464934375269785e+01
1.218809507407674886e+01
8.691174825895490841e+00
4.250726322485196995e+00
2.694375627872255929e+00
4.040439609900058571e+00
4.987963580409855879e+00
1.139318570502269878e+01
9.384244920996671624e+00
9.971374387485784752e+00
9.891249264866429414e+00
8.984774001880477812e+00
8.801748839067577990e+00
1.101395209017496768e+01
9.055942914353515505e+00
3.230139507855737335e+00
1.563436150361188659e+00
5.186457107779145481e+00
8.445953283722557714e+00
1.070508854568712920e+01
1.941502819662724377e+01
1.634698408152699400e+01
1.518788486366654666e+01
1.709200795146070817e+01
8.174656951854709419e+00
6.761752441424783377e+00
1.006671351053475938e+01
9.815115650070183051e+00
1.232991304978901326e+01
5.007915892111816980e+00
1.106398144940886219e+01
1.667312070843431115e+01
1.830747202598292844e+01
1.292268803385345954e+01
8.187974888034288412e+00
1.884065281692146954e+01
1.561528725258227013e+01
1.046564380260706173e+01
1.075444153628232868e+01
1.101982376207772951e+01
9.110058460176038153e+00
1.109003290394011643e+01
1.520863095067825910e+01
1.290682678882663836e+01
1.527179409425900403e+01
1.195260318887598139e+01
1.733531203738480642e+01
1.351581708955577810e+01
2.992699227665228889e+00
2.674988149684238259e+00
6.298195023062996611e+00
1.146252595885723480e+01
1.317710209834613977e+01
7.469228653284963215e+00
4.821538011372171972e+00
5.410426244173836885e+00
6.045976497114246229e+00
8.323977791363057932e+00
9.432028382991154203e+00
5.802081805483706667e+00
4.385750835533009706e+00
5.769308267769912568e+00
9.948568482423512549e+00
1.750087406998943607e+00
7.124151057019917133e+00
1.371093137215463997e+01
1.499583218112031879e+01
9.417415272367710699e+00
6.803402829457585455e+00
4.580116583126530472e+00
6.620281685934619631e+00
2.236976116187735730e+00
5.452208980055956111e+00
5.390200935149682238e+00
6.048303390520227474e+00
1.090924701237069705e+01
4.712944466140443822e+00
2.668942795346048946e+00
4.390285284617188921e+00
1.237830302389849280e+01
1.044269261975301788e+01
1.259505691855859588e+01
1.220764913206961921e+01
1.245469081553075164e+01
1.446954295764464149e+01
1.231160860554694025e+01
1.519220540580562329e+01
1.520668089166222003e+01
4.991296945830031362e+00
2.444291643796127733e+00
8.320750364630347562e+00
6.219930626601881229e+00
2.812385764103629171e+00
9.561567346954928936e+00
1.003447363351075339e+01
6.612532528865113335e+00
7.450097880258299554e+00
4.687150887630943785e+00
5.795735789413583028e+00
5.467922180079582084e+00
1.034605705972605882e+01
1.577401834479734433e+01
1.198536402769092390e+01
6.917333373989354328e+00
4.261229739165807828e+00
1.903857716849235437e+00
6.623166821227387757e+00
1.075337297511368639e+01
1.220544314337636749e+01
1.164096714419607181e+01
6.842050648241682076e+00
9.329550865837326512e+00
5.916749025953179419e+00
3.009866887388912282e+00
2.361091529121061683e+00
3.614641977121337835e+00
5.230614508679890307e+00
2.603804444517227701e+00
7.083838635573097342e+00
1.236168642282123820e+01
1.358799651201554148e+01
8.797131925784261952e+00
6.691678615068460623e+00
1.282960819872879910e+01
7.552269038621767017e+00
6.602884975454157868e+00
5.218337563998408868e+00
9.502057899898645132e+00
1.645568701161191782e+01
1.110742295967977533e+01
1.031602910075607937e+01
2.957075718796609465e+00
4.124020795930480432e+00
5.070005933064827275e+00
9.748162673113492716e+00
8.588434225486663465e+00
1.112728815848480579e+01
1.163425093938667487e+01
1.525451542823414641e+01
1.453975140832708668e+01
1.389844306431001897e+01
7.426959932367095618e+00
9.620083971670851497e+00
1.064095010522834350e+01
3.590427438459961706e+00
1.107761140433276026e+01
1.789001840738927385e+01
1.886669747241292683e+01
1.424813250527483177e+01
1.258121589947037222e+01
2.011798804063252177e+01
1.875105688750246813e+01
1.824392103054134751e+01
1.748835890472050636e+01
2.104736388788533219e+01
2.066115959012959991e+01
1.672834717837687890e+01
1.504860479918400529e+01
1.767876703850742004e+01
1.959749280636410163e+01
2.212355486085418477e+01
2.271522188153882738e+01
2.020024577833387625e+01
1.715925938643103876e+01
2.581488176466545070e+01
2.478760942042492132e+01
1.995899064409805845e+01
1.381096373463462079e+01
1.880194038665021594e+01
1.627540663242049845e+01
1.391105529015689513e+01
4.067719679839257196e+00
7.370891244184663016e-01
2.748429328413961592e+00
2.872790340339472781e+00
7.924643269480114327e+00
6.166646210118338800e+00
3.928082386991050168e+00
3.336008735299292205e+00
3.615435423967098494e+00
6.293390020837399845e+00
1.174076860239830999e+01
9.753427744060696014e+00
7.369901712443684971e+00
8.504757491546659054e+00
3.853183186313368758e+00
7.806542910494407295e+00
5.771582003845944442e+00
4.497767748917905983e+00
2.537087732006910734e+00
8.331121532484804248e+00
1.162690280939811771e+01
4.454131172950600792e+00
5.104637232114734857e+00
1.076289261740522818e+01
1.140278670216797607e+01
1.061178422819103417e+01
1.140593674089717524e+01
7.379453676698599196e+00
5.538242289002106133e+00
1.626102894817272215e+00
5.385923203343415011e+00
1.169477465582817466e+01
1.256527913616237768e+01
2.139395725671164428e+01
1.892861666788082786e+01
1.328831816546075828e+01
9.208511033861043416e+00
5.315591529295774720e+00
1.051566940407767348e+01
3.062121911765260052e+00
4.351552731158678355e+00
3.637530337283803039e+00
3.271957612991800879e+00
5.908533964349439671e+00
1.498584760070020216e+01
2.055022269727945528e+01
1.645004896170766173e+01
1.197299184828350072e+01
4.482120982331885273e+00
4.231263960323384588e+00
9.880121518217357846e+00
6.399125719947282853e+00
1.388700270344104482e+01
2.059579330895351390e+01
1.974529003721361775e+01
1.928840273977204234e+01
1.595358963741017710e+01
8.116484806869287638e+00
1.003888768794121766e+01
1.178939109179340683e+01
7.725890071006656257e+00
8.748693062942750842e+00
8.290820525623615822e+00
1.608768608418424861e+01
1.626529794660320860e+01
1.526413492859116694e+01
1.866163534700078586e+01
1.815906719158058280e+01
1.509448285762401198e+01
9.469044253788592158e+00
6.983503398347108870e+00
6.856959156628601448e+00
1.482048688160243444e+01
1.470718357916899421e+01
9.006405835112863301e+00
1.011653608880008903e+01
1.122251274125987663e+01
6.926462314420072097e+00
4.198272241010764461e+00
4.317763188351534609e+00
9.080855535207664531e+00
3.862844339137193828e+00
9.696459959348429081e-01
5.541195517078719490e+00
1.200646336523306346e+01
1.968181289578983595e+01
2.211546946211449338e+01
1.272971052954773441e+01
1.670595238348643718e+01
1.241601989186007771e+01
4.295752326493770923e+00
4.527649593642376402e+00
1.703142814531734661e+00
2.817065174704184827e+00
3.508342503460179174e+00
1.000366318785385289e+01
1.501386573896302856e+01
9.946499640987285673e+00
1.102461634612321006e+01
1.213456882124099856e+01
9.582503388533154975e+00
4.854051697307394164e+00
4.605581592695815907e+00
1.069198569340844784e+01
1.143858640447646380e+01
1.072581384879770461e+01
6.769345270408227755e+00
2.516911778605293470e+00
1.242809499248788541e+01
1.967553289421717011e+01
1.893764249332188498e+01
1.264574499551292597e+01
8.436616140304417755e+00
1.108063794224042375e+01
9.292808159954887515e+00
3.641896600819694019e+00
6.510313898826124657e+00
6.481337770731886216e+00
3.715035146552521095e+00
1.265199896427149806e+00
4.816142340580899628e+00
7.008824625857386081e+00
1.077341139718438967e+01
1.210366930463529833e+01
8.785617217840705706e+00
1.264233375029545847e+01
1.006530465191774759e+01
9.125279309069510347e+00
9.342016136282820682e+00
1.801663077314949124e+00
7.446243500053887132e+00
1.283732059451702590e+01
3.075842058139215851e+00
1.425067701402790554e+01
1.315920809089165822e+01
8.198225912813267513e+00
1.276641698387792179e+00
4.430855474208702738e+00
1.299506230519258310e+01
1.278078580319943214e+01
9.667234788899410347e+00
6.777678869102064851e+00
5.145541127042311480e+00
7.860264006274117143e+00
1.373547940011006396e+01
1.328536069579054057e+01
1.038772493401914687e+01
1.101016613672703492e+01
7.142662011435197300e+00
9.895000206011095756e+00
9.755336173342804784e+00
1.480616222319799391e+01
1.140881620550537612e+01
1.005573900382406016e+01
1.423798529426055026e+01
1.392979803141236772e+01
9.174790175992432850e+00
1.099811383237850748e+01
6.766035294409275203e+00
1.016395742009720671e+01
8.926342520914500867e+00
1.509626677656431148e+01
1.311565462065246557e+01
1.178721923345174716e+01
8.688241597740253397e+00
3.900987042537772176e+00
3.197296745997142420e+00
4.855424344479840393e+00
7.736843902891768820e+00
8.522475906637286158e+00
3.681012522386320374e+00
4.829282636558719588e+00
3.477633895773322159e+00
9.662514812134494591e+00
1.329814982043331639e+01
1.365727699208642854e+01
9.776948361811946597e+00
1.128862729156942457e+01
1.067923917745093121e+01
1.350651519705122183e+01
1.539749212997869598e+01
1.562191759602552210e+01
1.412460584938756369e+01
4.356943254744769511e+00
7.652277586396111886e+00
1.374515522337460816e+01
1.288451092006484622e+01
8.290518136298368645e+00
1.280326229424239415e+01
7.256773314711498557e+00
8.340442350336767063e+00
7.080213339478433454e+00
5.050903458260104451e+00
3.364362652314215829e+00
2.471653083703651443e+00
5.522774374334725955e+00
4.713812615190827948e+00
1.703412397359068464e+01
2.184021405131573701e+01
2.741569653421615982e+01
2.259991518316546077e+01
1.354239169530072573e+01
1.277001669867848577e+01
1.697775987884131510e+01
1.471894362206987772e+01
1.425467262563059379e+01
1.165443608448905444e+01
1.538466293403819840e+01
1.747431499807355948e+01
1.795324899558304566e+01
1.420470030683874185e+01
2.035685462656737599e+01
1.252087109039270452e+01
1.187766954621442750e+01
1.303852214259629960e+01
5.602284170536689700e+00
7.377014890425880544e+00
2.038219607302984571e+00
4.013880690411389729e+00
3.192793496422656307e+00
7.139267642205923359e+00
8.241890216465474595e+00
6.039410563468657678e+00
7.363664141013661180e+00
1.239407064402178804e+01
1.390193878971698282e+01
1.211172375147786084e+01
1.478913193912730151e+01
1.607300725349917059e+01
1.809110903429888495e+01
1.730096462755768627e+01
1.916029253346363959e+01
1.084766795271857021e+01
7.263906398454290425e+00
1.033255639610224996e+01
8.186847748483984333e+00
2.343001832172759258e+00
5.331107431274189068e+00
7.141750750700909478e+00
1.429472439396506367e+01
1.565828440206312067e+01
1.449783323517815248e+01
1.505453968068069237e+01
7.344598407739515444e+00
1.036297590669424551e+01
1.436712354843198369e+01
1.385845166551954932e+01
8.368318948789832845e+00
9.655150511513516776e+00
9.318167674903852671e+00
9.063642797986384281e+00
4.247267760675207171e+00
3.825907051957004867e+00
4.681122762199611209e+00
3.195590766488402679e+00
1.208265967006942887e+01
1.900904923318452333e+01
1.811751232390724553e+01
2.014391833216282635e+01
1.521387603774695663e+01
6.340019268969702360e+00
1.275088499883583637e+00
2.822994780116914182e+00
7.211582130258471501e+00
9.742994377132522033e+00
1.266166774004391371e+01
1.259604236641078501e+01
1.561502876327483946e+01
1.627010547846758115e+01
1.715106255149107284e+01
1.453071208641555145e+01
3.519710403440052815e+00
1.310765069802888405e+01
2.711170746781232310e+01
1.431110661327143418e+01
1.048209121289042045e+01
9.087318086176791709e+00
1.573188881499520519e+01
1.414903216114082696e+01
1.316551699009661647e+01
9.849891120799195932e+00
6.592332161578202232e+00
1.633481088534746561e+01
7.448607417752399762e+00
1.460560344583050352e+01
1.062116863756993013e+01
7.949287918154666954e+00
6.552886581787467968e+00
6.483850937747889454e+00
7.706163723339122029e+00
4.686752620383421331e+00
8.477110084304793958e+00
9.609149477526035099e+00
7.993611516378330784e+00
6.870189563024694301e+00
8.430678554359355203e+00
7.200357942270942502e+00
9.361514844757207854e+00
8.960210985345147705e+00
1.060256720322447066e+01
6.568397069543749467e+00
4.914641864397410131e+00
9.236223436569465761e+00
1.527558934936075197e+01
1.886441858129482796e+01
2.282289231788045569e+01
2.371522576897699253e+01
2.532576864137936568e+01
1.827795563837799975e+01
1.264246036335223522e+01
6.165492313762740650e+00
3.985339552670270624e+00
7.475787650550122621e+00
5.511775867272148410e+00
1.270150526447957873e+01
1.872781525979008421e+01
1.714393557816217140e+01
1.306952451543478766e+01
1.207473938968637484e+01
1.169545487930389704e+01
1.407165401058583853e+01
1.013420410941687955e+01
1.118781100085352165e+01
1.179655329727361490e+01
8.559034231774834467e+00
1.528771866958345171e+01
1.991562106690437162e+01
3.021598638522820579e+01
2.942130614917962816e+01
2.674931166856984177e+01
2.057584467350000068e+01
1.070599196743558856e+01
8.187708794353524056e+00
8.580188924330892419e+00
4.622378992383415763e+00
1.496801075325747199e+01
1.432262281050934405e+01
1.941902924512744377e+01
1.836445108348766553e+01
1.823644582116134671e+01
8.451700147759721560e+00
8.227485373014264525e+00
4.539332696758983765e+00
3.523647529905931108e+00
8.432574122937007033e+00
1.212746073341550890e+01
1.080757901616670580e+01
1.573582332126749073e+01
1.588828477565431641e+01
8.021093822458384537e+00
2.100535102454404779e+00
5.342348818914955721e+00
9.825855450106015354e+00
1.592133023255201962e+01
1.131503425701511034e+01
1.364981680578194467e+00
4.341224378229827430e+00
1.035843860024458385e+00
2.177780184015457365e+00
9.197020631756515741e+00
9.203078628115392235e+00
5.365886796284000226e+00
1.513815230152675539e+01
1.312246577382369317e+01
1.566408229607124980e+01
2.003074458298367233e+01
1.708163425361149379e+01
1.113190735373438400e+01
2.038520675425782613e+01
2.179783515589964438e+01
1.221421886585259564e+01
1.159792507271163409e+01
1.747175983110083308e+01
1.697060459578733571e+01
2.158863560124844483e+01
1.588631354435024079e+01
2.030929850500154998e+01
1.834736060742940467e+01
1.640684399213634492e+01
9.000151116761664127e+00
5.722685023471604460e+00
8.648025410645949762e+00
7.417158401074676277e+00
1.382952433508400070e+01
2.008367257515400794e+01
1.974734126742864504e+01
1.269317074380750654e+01
1.825415634270006393e+01
1.554911506016932421e+01
8.298256640425069719e+00
8.648339346110212489e+00
1.320754829243585249e+01
1.004083659711938736e+01
9.002770716762928060e+00
1.151028492171999318e+01
1.642684515743937013e+01
1.556103669822101310e+01
1.523136325249498491e+01
1.234623553446487776e+01
1.533428731755563135e+01
1.608153023183567498e+01
1.944982412301411046e+01
1.827761278398341815e+01
1.682287519222039407e+01
2.123373586890440379e+01
1.997221914114192742e+01
2.118510290148726583e+01
1.622080624137170801e+01
1.691513057572946011e+01
1.889077472135087277e+01
1.807803026114761025e+01
2.488934018469257836e+01
2.528390167933541477e+01
2.216933204633956223e+01
2.475104796328050583e+01
1.978140797361503189e+01
2.210112634156267575e+01
2.194780317021317373e+01
2.104797181303227660e+01
1.724777826710914042e+01
1.052253280021601967e+01
7.598268741409880178e+00
5.058679593254172602e+00
6.673406082829861141e+00
7.703654608467055631e+00
9.338571825922874936e+00
1.042566393558517923e+01
5.777840332014231528e+00
5.825004357433265056e+00
1.589221038300425715e+00
2.331616556127725115e+00
5.644701026041762049e+00
9.167232985670194623e+00
1.214317966528601644e+01
1.516622603557841487e+01
1.600198769539933252e+01
1.618245580865295707e+01
1.524907347314035988e+01
1.111768931415062944e+01
1.038119176774418762e+01
5.152946613155654276e+00
5.520536322702861654e+00
9.868022538850315328e+00
1.112329257797954796e+01
1.494352608695450790e+01
1.242457097595275606e+01
1.130814680629957003e+01
1.049764065889459097e+01
1.119367412366137238e+01
5.627688433905914778e+00
1.225402613509745997e+01
1.489333661946732690e+01
1.527229968823479922e+01
1.405342407870826982e+01
9.204941823461886941e+00
3.098040570851008813e+00
4.364696413868219160e+00
4.191131347999307977e+00
1.239269095071375615e+00
8.215698917901482545e+00
7.469448492240672088e+00
7.967414098131820666e+00
6.012453262508915763e+00
4.586841331837575808e+00
3.387254764619195946e+00
4.759664557652327765e+00
7.162533176925865774e+00
1.164594915034442302e+01
8.432662486839930693e+00
7.334158032440450725e+00
4.920857548476863741e+00
1.022872381523175456e+01
9.434995788749972689e+00
1.179840462090973752e+01
1.604491331485561645e+01
1.888474754722348692e+01
1.916722963628231824e+01
1.795788723273948762e+01
1.606390941668148642e+01
1.461864960725594287e+01
1.641514510710926089e+01
1.624359280941200012e+01
9.156561336106676663e+00
1.304575415264424620e+01
1.153690877754581301e+01
9.956941376280161293e+00
4.875541044319197326e+00
1.123265773978744342e+01
1.233173604324048966e+01
1.258524420056151882e+01
1.181348393497705551e+01
1.521197584685928916e+01
1.542324157193356093e+01
1.418904714709470483e+01
3.098926398615601485e+00
8.611735323079210858e+00
5.436761525500238612e+00
9.682299041582275834e+00
6.297494516725365088e+00
1.325892107587856117e+01
1.198929372778508373e+01
6.801987594811493842e+00
7.567164185825813405e+00
1.471292179776454745e+01
8.992840472191808487e+00
3.087479020667278196e+00
3.149407463363573800e+00
3.507768627668291117e+00
7.749372110034649097e+00
1.135296499917146562e+01
1.163089601432605491e+01
1.169458667134896501e+01
7.930783255428991652e+00
8.769336549548420123e+00
6.808775266042044194e+00
8.143875602391780433e+00
1.231979012098990722e+01
4.784262365333023403e+00
6.468823012293569263e+00
6.524181269225036495e+00
9.278898033586512994e+00
6.763971421731934441e+00
1.101294537488668679e+00
5.784281348964475100e+00
5.504238040903378426e+00
9.629370771769345083e+00
1.992573461265521217e+01
1.258273239215923311e+01
1.452518347162327927e+01
1.528389402647071016e+01
1.833441502398866518e+01
2.580230441977374412e+01
3.001278198348252957e+01
2.707345556816349230e+01
1.717646002672673688e+01
9.543138305347406813e+00
9.083844785705551317e+00
6.431457892545426880e+00
4.407754765100364125e+00
8.762119069265006388e+00
1.104487722826731755e+01
9.287566715797961336e+00
1.265477111916877817e+01
1.049123989795820400e+01
8.299478411979887227e+00
6.001809665911447489e+00
3.278745443788094072e+00
2.623272221272225480e+00
9.558677294933529467e+00
1.257220524286304375e+01
1.061251391425074786e+01
1.388946147219715854e+01
2.443858883025809003e+00
5.602564934040136002e+00
7.972885712501499578e-01
7.610794883380220810e+00
6.573444144622055951e+00
7.201784360810106200e+00
9.636714894813062315e+00
3.449074926473539193e+00
1.548734081889573666e+01
1.170548191327537246e+01
6.148708751113371562e+00
7.899023476218228978e+00
2.141085488344546928e+00
5.473154635334253726e+00
6.280263914029734273e+00
8.679368469350695392e+00
4.673866048643791515e+00
9.358766197708883183e+00
7.836489155978427767e+00
5.826949025929545556e+00
8.581058361929571277e+00
7.210552334678704156e+00
6.451200149254530558e+00
1.027635148285007816e+01
1.707139045079320461e+00
1.817984722342682158e+00
2.418736943616381918e+00
1.541625205535299870e+01
1.412981471205791983e+01
1.301464980406796101e+01
1.231172213072338906e+01
1.027330199772953101e+01
4.600085755009653887e+00
7.467739126164484098e+00
1.006434673766131382e+01
8.345371026162238692e+00
1.713564097755137183e+01
1.352889695315986884e+01
8.905726244571370742e+00
1.008451551116882072e+01
6.254502247925075586e+00
3.820302162153539349e+00
1.379877871846908199e+01
2.348698945194226440e+01
1.898963302642558659e+01
1.212981899902904992e+01
6.835392293692446053e+00
8.993423031204901719e+00
1.313093403162749340e+01
1.427976695130502804e+01
1.113046110883876239e+01
2.798094765775705373e+00
4.242279814310128572e+00
2.886606610796023542e+00
3.260653392652739235e+00
5.697770005256808545e+00
1.716290393036490158e+01
1.697946891883658438e+01
1.077886346444947741e+01
7.124049373305924249e+00
1.622573260560582398e+01
1.654072875113607921e+01
1.099887882339738354e+01
1.392386893214806243e+01
1.106267366888809889e+01
1.741753296985685751e+01
1.576450473413176567e+01
1.275510685964499835e+01
9.866947034252280702e+00
8.240223237866082684e+00
2.110072824144037540e+01
2.487789220580133787e+01
2.139530934876967194e+01
2.133966300258932591e+01
9.944326637278170011e+00
2.087071838635207843e+00
1.511177508411469805e+00
5.137452940798241663e+00
7.762901365092766959e+00
8.704396517992739390e+00
9.859348063510882554e+00
8.039126070646268829e+00
5.137147038325529103e+00
6.265830968640439202e+00
1.004055465364534427e+01
1.696598493896472348e+01
1.011299538779792684e+01
1.089029261340955657e+01
1.364206993014988001e+01
1.241859489570001074e+01
1.465634101597968986e+01
1.843992118553579473e+01
1.629500423255151986e+01
1.651124628107830361e+01
1.494656342563540896e+01
1.633271261552543407e+01
1.718459804130330326e+01
1.376387003296152045e+01
1.915055513857754832e+01
1.835356523586872157e+01
1.731349954424982940e+01
1.825561115250242139e+01
2.395612474067602804e+01
2.129033820445867420e+01
1.829868793830476292e+01
7.634030461432318226e+00
1.027505935840799012e+01
1.296088620742635200e+01
6.397155123347010530e+00
3.746532676211074886e+00
1.331312081458832886e+01
5.921534987097626157e+00
6.398834681529131707e+00
1.695158123004600670e+00
3.513986321943993296e+00
9.237500976517891260e+00
1.057525492102427300e+01
2.047862407178259847e+00
2.001232846913428176e+00
7.350774998996876253e-01
8.443271089040106148e+00
1.116024714275001628e+01
6.731974208364960077e+00
1.364852653069498700e+01
5.885243839726628678e+00
4.228704135324848679e+00
6.167780956648448054e+00
3.720324534117103177e+00
1.010235746177420779e+01
1.215371021908824112e+01
1.289444481950992483e+01
1.233024017557966445e+01
1.540472232669211294e+01
1.611239134842973186e+01
1.559359344084445453e+01
1.360576082073605697e+01
1.090694510557170460e+01
8.572377068970803649e+00
6.153025260081975922e+00
9.073983651354527780e+00
1.224447809173484814e+01
2.501758297017595112e+01
2.471343524449335405e+01
2.093522689005439119e+01
2.034164069646330830e+01
1.688869255659265534e+01
1.115757575714307670e+01
9.596474054818913135e-01
4.972243970301637894e+00
9.049362471521590123e+00
8.812776841443950460e+00
9.505229671204048714e+00
9.631482499036273737e+00
1.132803685538233296e+01
7.111458109307018383e+00
9.630755394503772493e+00
1.127078954254428567e+01
1.177522703687531802e+01
1.193095902732249769e+01
4.826052169380552037e+00
9.152404862095590232e+00
1.639261557290511817e+01
1.599167620084438290e+01
1.340805416276652018e+01
5.215924134521831235e+00
5.592152184685934557e+00
1.066924496244082476e+01
1.444368982295671344e+01
1.415563357668490596e+01
9.759242019467972540e+00
8.470733183515493536e+00
2.079017693913876741e+01
2.186585358465584861e+01
2.219005684400503853e+01
2.692908112946384236e+01
2.207642135511892434e+01
1.242883153952380937e+01
1.516815020730105701e+01
1.104377100114276899e+01
6.909378333243330950e+00
6.403838341860875971e+00
6.167102120980979763e+00
6.090517061314837832e+00
1.203652461958915509e+01
1.712505678170740353e+01
6.698017474030425689e+00
2.533245582550836872e+00
3.380627389823739115e+00
6.104451532791307145e+00
7.741840760075295869e+00
1.057116742837465928e+01
4.829886054991760602e+00
2.487881652544559952e+00
8.038585353600637973e+00
1.071981482181672440e+01
1.266117870441553883e+01
1.109299290234913649e+01
9.454975620584587404e+00
5.587755857813437643e+00
4.335043873105591139e+00
6.164281156715547993e+00
5.217812044661754634e+00
3.711433561753209709e+00
4.187116463673913103e+00
6.146079401817059917e+00
1.226446889759789372e+01
3.789988513424394245e+00
4.630917075725632159e+00
6.496199133604073417e+00
1.163955133736226344e+01
9.633138163634086482e+00
1.042798346300747880e+01
6.967476397407672550e+00
8.975451243080968311e+00
8.226000673773866012e+00
8.158853176324601719e+00
9.645464751109427581e+00
1.346597404143307131e+01
9.386081302992135278e+00
6.598918525974182714e+00
1.032357731125199862e+01
7.178958410057293626e+00
8.037511462990686084e+00
1.308880837371441785e+01
1.163097848015376101e+01
4.959401199826393380e+00
5.982812052992287910e+00
3.934476325299693933e+00
8.662733352389782482e+00
5.383374002164929450e+00
8.027360963506696478e+00
1.254307360330382259e+01
1.063473834439901289e+01
1.148684051907574144e+01
7.700528081234824462e+00
1.322215259134791943e+01
1.774948251608593708e+01
2.185311430088143325e+01
1.480043374584322891e+01
8.282075934247169258e+00
8.629136578308560956e+00
1.175836357656679532e+01
9.066201180395447423e+00
1.428089014782649357e+01
1.552409419192029638e+01
7.393447671247310282e+00
9.712461866036493419e+00
1.094370114470084765e+01
2.585490238521713557e+00
8.391103736245845823e+00
5.872208740320030707e+00
1.016521213824297121e+01
1.011656054414855355e+01
1.131690461369104561e+01
1.224499875521411241e+01
1.251361261612072795e+01
1.930237154214611905e+01
1.737189358665922967e+01
9.399073500602129982e+00
1.496358923165516330e+01
1.724692035134863488e+01
2.324486537569441680e+01
1.915932526939191050e+01
1.756390071937655861e+01
1.469723750388837047e+01
1.702779142678371471e+01
1.814653470516774192e+01
1.342916054381735691e+01
4.752108873805055644e+00
1.262337077170764488e+00
5.313249067757760180e+00
3.072057268660400631e+00
1.114973810084187988e+01
1.132568311025782393e+01
1.113502976588199012e+01
1.414248966031484578e+01
3.508191171758921367e+00
1.733109992224197704e+00
3.792473403995849091e-01
5.137663108337932272e+00
1.321808089353559090e+01
1.008053243098349583e+01
1.213601351086037994e+01
1.475116937358959390e+01
8.097012295429092177e+00
5.644103506556326089e+00
3.981644058747750403e+00
1.441089350571689742e+00
4.523585492302778732e+00
4.654151115575072772e+00
3.448741508947422929e+00
4.901522135778709099e+00
4.826854533768565325e+00
7.366937843329131930e+00
4.960080258885303017e+00
3.212267892646356593e+00
5.710890818731476415e+00
7.076415727543557743e+00
6.887224918190985257e+00
1.953140295620030287e+01
2.295466835230011071e+01
1.793933476068218980e+01
1.642965306886620880e+01
7.635189171028775590e+00
9.972291128178163433e+00
2.082111461549816411e+01
1.327029404598929219e+01
2.361271363768977594e+01
1.888171943146695853e+01
1.847199230913106760e+01
1.101467198235296507e+01
9.877611972947439867e+00
9.349254334638263941e+00
7.853149158089578918e+00
4.658594464464547613e+00
4.364259042126398036e+00
4.215845127573299322e+00
2.422419317303456943e-01
1.251219576959683977e+01
1.565124047537833896e+01
5.629966172178734851e+00
5.132175089819707381e+00
9.728921317766735299e+00
1.175859910225227267e+01
1.093879463718350209e+01
6.764989465846184657e+00
4.177645268998591455e+00
9.364111559047225697e-01
7.493728570601604355e-01
3.078853036039635782e+00
1.875688905757325609e+00
3.293621141672564701e+00
2.826540884333464732e+00
7.306789218275419273e+00
8.189039558877219349e+00
8.200276377895709956e+00
5.128764167655191386e+00
7.671052544118463601e+00
9.089779802665876929e+00
9.006080658812440021e+00
5.359211615608185930e+00
1.880263809376274242e+00
1.057517249970298678e+01
1.490041200658551546e+01
1.942948283110828100e+01
9.523574145785167033e+00
2.790432559522142419e+00
5.645677764466956461e+00
8.337007991125421569e+00
6.394615502826946241e+00
7.082628136815297459e+00
7.696342861691097603e+00
6.489944227855881209e+00
4.084606193724607870e+00
5.532864626876682124e+00
1.113223939872398427e+00
3.179620330750893675e+00
3.522628679898989201e+00
5.148551300482954396e+00
3.085419423280637563e+00
6.005847843423364196e+00
2.952931261478150660e+00
1.120154463152433166e+00
8.463358199933480819e+00
7.930494055562316014e+00
1.371293697211190654e+01
1.115190117451626151e+01
1.404985042142733676e+01
1.184586159394219607e+01
1.329483517969354445e+01
1.140768834695430201e+01
9.919137497043289287e+00
9.767382550013058662e+00
2.547843705303967088e+00
2.623254495187960167e+00
3.883092362609255943e+00
3.443303775290095903e+00
8.392476025614639568e+00
1.520900814167196202e+01
1.533772524295470063e+01
1.879600038162320175e+01
2.268836730091091525e+01
2.032934399858586616e+01
1.562404229775653164e+01
1.136168076388534942e+01
9.909852369468358901e+00
1.028287144444279200e+01
8.087439448467952374e+00
1.321123299400344919e+01
9.832739037144175853e+00
8.023675092765280681e+00
3.791024678337891807e+00
4.835151965121348816e+00
4.973361902840236048e+00
6.172637370540664747e+00
1.251349334495501964e+01
1.048507565267563280e+01
7.412899256981394736e+00
9.672508797982743545e+00
1.346832093455134505e+01
1.792356959698621921e+01
1.361381684032958717e+01
1.265823582712668305e+01
1.357965078814963178e+01
8.630707384961359807e+00
1.223359021099360611e+01
1.204997122183264580e+01
9.049206958594824712e+00
1.136212697350025991e+01
2.060380450871203806e+01
1.866951838728463642e+01
1.386627094983418296e+01
1.862591594154653762e+01
1.553163983778435941e+01
1.628674541328336289e+01
1.311080965632233308e+01
8.908554606464310410e+00
7.602287515811346097e+00
2.183302707365022854e+00
4.370563203640688066e+00
4.842540804420843337e+00
9.505450751372782392e+00
1.190265155067345404e+01
1.749806964925518926e+01
1.717465098044382188e+01
1.751039195250666225e+01
1.322564124315220724e+01
1.207925653333641058e+01
1.153245995067802454e+01
7.203454017508930107e+00
1.583043139752527040e+01
2.609664539046384846e+01
1.456530935668120108e+01
1.544882584000181325e+01
7.722008546108241944e+00
1.546515391929158945e+01
2.017045631837762087e+01
1.509401936960581558e+01
1.092455289742952829e+01
4.242212010842097314e+00
1.477545635251391865e+01
1.618661769949039453e+01
1.383539494779320655e+01
1.346929673942241124e+01
1.131241939469531843e+01
1.828901518643069934e+01
1.564910607943771303e+01
1.185233652540134131e+01
1.674387903457232696e+01
1.718279346913823247e+01
9.754318095294800983e+00
1.546439999496357842e+01
1.607225854723194658e+01
1.408676140983293301e+01
1.310934558583850773e+01
5.958372156763086736e+00
1.904671482249319592e+00
3.629190916158987257e+00
7.355129528453860921e+00
5.696025815224050604e+00
5.737633318534700599e+00
7.264135710465867923e+00
7.942674778159820370e+00
1.332559121808188429e+01
2.038512469622419943e+01
2.380221433446229895e+01
1.126522347890116116e+01
6.420936779477961487e+00
9.812414995458689226e-01
6.094254853499011304e+00
5.473581584429132008e+00
4.891148182875436845e+00
6.087117331418889776e+00
1.020317005669427068e+01
7.170955341119652715e+00
5.705542327140490144e+00
4.715273629952234202e+00
8.272668971866906418e+00
1.456337305473038590e+01
1.280624560081489705e+01
1.494104952462940616e+01
1.943347757900058070e+01
2.284002737409956296e+01
1.360547523829042049e+01
8.787640479562682572e+00
2.117123545144576013e+01
2.524083323057787354e+01
1.634371271763746236e+01
1.497214607637074302e+01
9.952095615909456683e+00
5.629413398008180636e+00
4.787101170199644429e+00
7.277192090245218736e+00
7.413925630473183759e+00
1.426633933792554387e+01
1.481930780442888995e+01
1.183419899649782714e+01
1.085877292115598536e+01
2.275952971787269963e+00
2.933115006939067904e+00
4.107050461840003663e+00
7.214720492643476923e+00
3.435906197286351382e+00
3.149571066489125659e+00
4.222531249367305506e+00
1.174005639133523893e+01
6.596840793602499531e+00
5.066941437992555031e+00
5.004273610041565234e+00
7.309123053797525138e+00
1.274965226680484065e+01
1.070184228326719023e+01
1.034142572478007160e+01
7.036956733464268865e+00
6.274005262814684514e+00
8.339002148493516842e+00
2.289493353505829276e+00
3.515022182948270846e+00
5.773674386627762445e+00
2.715604967304592332e+00
6.505572831377718579e+00
1.097687695474556691e+01
1.110431004082499484e+01
1.646676504804552366e+01
2.115884231922395031e+01
1.966075555813991116e+01
2.211115899393407602e+01
1.981323492332488811e+01
2.263717522929766446e+01
1.725546070428536183e+01
1.848342932165164854e+01
1.173864079894272194e+01
2.778574921248239793e+00
9.166920786648418584e+00
7.364480216909162991e+00
1.289978440464883924e+01
8.810539329425086663e+00
7.649281427255164800e+00
7.417225655063423240e+00
1.509684598334721173e+01
1.380019849960979883e+01
1.376525014867750407e+01
9.369596521019790458e+00
3.596371654023766240e+00
1.427102493526005667e+01
1.513964412953376737e+01
1.156759332383782812e+01
1.000010274333425819e+01
1.198592147233118155e+01
8.940710110676780786e+00
1.427917059459813842e+01
1.581575075662555285e+01
1.041966340994594731e+01
1.252955353573563002e+01
8.948414716232429456e+00
9.277709780519638016e+00
1.552182735586973550e+01
4.505271298328498375e+00
8.410705436744423835e+00
2.830771861354613339e+00
2.943144944461658419e+00
9.560006610419467421e+00
5.798498155023120937e+00
8.837486828549643292e+00
5.837989975479919380e+00
7.884155473484607768e+00
9.289281051779131104e+00
1.136936356874852549e+01
8.615105154759582717e+00
1.362289231540753143e+01
1.893637452937062449e+01
1.303711734568746827e+01
1.144852305754982247e+01
1.591145586396097933e+01
1.037492400816545413e+01
2.787879140478657369e+00
1.154602267983396757e+01
2.026685312424396201e+01
2.004861047025229936e+01
1.544288032745706118e+01
1.326863928103608359e+01
1.396175573018891924e+01
2.045104927957270036e+01
1.421922030268004455e+01
2.619787561686773714e+01
2.676067138264080825e+01
2.011555763576691191e+01
2.069208829249638981e+01
2.073117297317649133e+01
9.864558755461285244e+00
9.714379064543084752e+00
1.261975640877596661e+01
7.094345551997540689e+00
8.008982847362819513e+00
6.300580913859169740e+00
4.524207879672080601e+00
3.062273724586521251e+00
2.516850146164198776e+00
5.160229581058652037e+00
7.205069992864718387e+00
1.928033747469628878e+01
2.328598183696457014e+01
1.819320104514154224e+01
1.778414917721044830e+01
2.239749873780013800e+01
1.752222215801967309e+01
1.106233637348532817e+01
5.916912208800604311e+00
6.708650466174900018e+00
9.869149602017536438e+00
4.280920962849114275e+00
4.227616650971394385e+00
4.938388689302088963e+00
1.440497159326318499e+00
3.197359028863869135e+00
3.414661518250845518e+00
1.476925536879303280e+00
7.968335071051569685e+00
4.438099117594997089e+00
1.006521870439482491e+01
1.193577893782393140e+01
9.985888667275137465e+00
2.167975397735510956e+00
3.293399460398294565e+00
2.595606344517782826e+00
7.141420195029132501e+00
7.897649454219401122e+00
9.175275152768991305e+00
8.012397929764462745e+00
4.794813463641641960e+00
3.635633894694252799e+00
5.500639344113215756e+00
6.399252425503522801e+00
7.058887752861579656e+00
1.087056055700131196e+01
1.464003200119266701e+01
1.358311403132329342e+00
8.224353755532913368e+00
1.381426490143456220e+01
1.689537619866926121e+01
1.131832399485924689e+01
1.260797387008927117e+01
1.284334101001433481e+01
4.864563971908676621e+00
1.072333232594564478e+01
8.076798712190107921e+00
4.364503885997993216e+00
2.290255638335128463e+00
3.008015094456175209e+00
7.873948194347830665e+00
8.349977858033545530e+00
4.959416534298418888e+00
4.753805557632690082e+00
1.430213011164216574e+01
1.323594674253481429e+01
1.129092040041057743e+01
1.144679915829175698e+01
1.205519626606496075e+01
1.024588363337463548e+01
8.090611524625050066e+00
3.337083447425857052e+00
5.985540685360117408e+00
1.071674352341689840e+01
6.361295092272492013e+00
1.015821972836895348e+01
1.521718765583836230e+01
1.853783709416061143e+01
1.296852769251403714e+01
1.208550025020881336e+01
1.322872115057472797e+01
5.491869746569975064e+00
1.238165932767798516e+01
1.040722639070636113e+01
6.223540975454326052e+00
1.618583489529611441e+01
1.679849740270308445e+01
1.351589808341935139e+01
1.198533130627956744e+01
1.361165091528975246e+01
1.851371470715734802e+01
1.655830355295392664e+01
1.107527578819953007e+01
9.435878596323416190e+00
1.626809395822216331e+01
1.221496674856207498e+01
8.659501627477592223e+00
1.192641010714314653e+01
9.185982085358579852e+00
1.384488440910329921e+01
1.242913917091270370e+01
3.228697007583973821e+00
1.004030263558565839e+00
2.230433970957065526e+00
5.712404757892023177e+00
5.549881466064174873e+00
4.180183150942196946e+00
5.192170902044281888e-01
1.662170002071632169e+01
9.638679921485673319e+00
8.093847543856668381e+00
1.279832479350514518e+01
1.421004648802305326e+01
1.668814037761248059e+01
1.890587704984314854e+01
1.597038561056372608e+01
1.859639225941156582e+01
1.940841537587551713e+01
1.639490476232056793e+01
1.699949368761148349e+01
1.516707137968660923e+01
1.721819587467859947e+01
1.894723622637978977e+01
2.039188084294713832e+01
2.097266326370999678e+01
1.648501288513781660e+01
7.400454029598151351e+00
5.259641001140011873e+00
5.571581099260648706e+00
3.202331667845606411e+00
3.225569907032781458e+00
6.337748441105024000e+00
1.127985975029072918e+01
1.652241098743650838e+01
1.695178253566912474e+01
9.323946333807556996e+00
8.138161623309422055e+00
9.474913459478919719e+00
1.010699662294115342e+01
1.178856349355833188e+01
1.463528934638706502e+01
9.743239124693355180e+00
5.526452751548747599e+00
4.815176305880370045e+00
1.012305271106948901e+01
7.323836514912467344e+00
5.386953330660344541e+00
8.881736353366513015e+00
1.243048110621664470e+01
1.671739519805771224e+01
1.514786470971076682e+01
2.188221330911690998e+01
1.796067754572316844e+01
1.966789762924510399e+01
1.530255333000015128e+01
1.362932853195258431e+01
1.156852921122238875e+01
1.068579015158357848e+01
1.027439516186878521e+01
5.702889806206346002e+00
2.383309156559950459e+00
6.546735046131106017e+00
1.129077180904257105e+01
7.971478559401088404e+00
1.357560879642155882e+01
1.768874619258818370e+01
9.825857001509211486e+00
1.207760683845516780e+01
1.296809658922549602e+01
1.452367373052794797e+01
1.145536831743439876e+01
1.292499839379781079e+01
8.250582849036437239e+00
2.122357872905376031e+00
2.661676106927871821e+00
3.664074405408883184e+00
8.249267328189519688e+00
4.628496412561099227e+00
7.438703275245847735e+00
5.644957330465281586e+00
2.895348322936049712e+00
6.607271905330600603e+00
4.683018459213882601e+00
5.749961939240446185e+00
7.961905027794750289e+00
5.285373763408377279e+00
1.781666391068927879e+00
1.468708708605373392e+00
3.679066118810361719e+00
3.843268704220647258e+00
4.050262479791366665e+00
1.377875658074564580e+00
5.376225534921781346e+00
9.252641068589026574e+00
1.462559316759569628e+00
4.514497660325676343e+00
3.119476222342279392e+00
6.261366585106112659e+00
6.689128197786526009e+00
1.445220622835279123e+01
8.810832937255552721e+00
1.458560897177936022e+00
1.657459027658660711e+00
5.661462717462956817e+00
3.525365522064181967e+00
3.135659201269285656e+00
7.824303649658145510e+00
9.185242642081107078e+00
1.351415273674495765e+01
1.897847027523683039e+01
1.626594853129383722e+01
9.766889808079298518e+00
4.005208991584048306e+00
9.727364760723173021e+00
1.461760546901786739e+01
8.751125533764486875e+00
1.466274024938167031e+01
1.327849541943154676e+01
1.730456418180445510e+01
2.158533050466798642e+01
1.724056510623605121e+01
1.331143350796856417e+01
1.508586157088168456e+01
1.273254001659686807e+01
7.488590665992040485e+00
9.175862859806468208e+00
1.205192582678932567e+01
1.140700619147177264e+01
1.118444062718749876e+01
1.058427388060582963e+01
1.253051583641070010e+01
1.334822281249925169e+01
1.401699549121814314e+01
1.354921591747270071e+01
1.759923748903243634e+01
1.653145637675792656e+01
1.851747203630043259e+01
1.363046347910160883e+01
8.859296193092937699e+00
6.632425873265061611e+00
5.994333735998273127e+00
1.247050617486534208e+01
1.824093181798970420e+01
1.206921892767016224e+01
1.003667113734751482e+01
7.416558706468554973e+00
7.333528084918482293e+00
1.129696676322622650e+01
1.212109382427209958e+01
1.362362987206487475e+01
1.220380045865852026e+01
5.972701824867804987e+00
5.017681188462596253e+00
6.254527262887453531e+00
4.210549635457163653e+00
2.130337443515627260e+00
8.376531750073317184e-01
6.654839643236385882e+00
3.362643787600551271e+00
9.385993311006995299e+00
8.567653378381352880e+00
9.720192259702804094e+00
1.273123780255287762e+01
9.578940498242975110e+00
3.359512097085673332e+00
5.962370226234924075e+00
7.042218209399718987e+00
6.014115126486284879e+00
3.837807155495837286e+00
7.448119832126112172e+00
9.312299154311089566e+00
1.910528734115746641e+00
6.996741992343761041e+00
7.294775453181109093e+00
8.944618870707556013e+00
4.448083457069081703e+00
6.713198298131728414e+00
3.605396476189083543e+00
6.378253422630599800e+00
2.110324285704000147e+01
2.648182593388160555e+01
3.205902670348515215e+01
2.818479000996209649e+01
3.034821374950966089e+01
2.754683177595761379e+01
2.535379342756870358e+01
2.250340494528737523e+01
2.138092682560582958e+01
1.800276701108082378e+01
1.449218739365845465e+01
1.475000446669966436e+01
1.465513192580843516e+01
1.136245308535542442e+01
7.328800663766252832e+00
5.155082519447492295e+00
9.738678504604198594e+00
9.208409135065139139e+00
3.131954387441476584e+00
3.909147368991448435e+00
4.766640038273140867e+00
9.952464373702788691e+00
1.291251700007934211e+01
1.956131827768257381e+01
1.317606822712745185e+01
9.134903269564439654e+00
1.324111068067928620e+01
1.991181790099945914e+01
2.155702914954206761e+01
2.091604532253395377e+01
1.292252879353538830e+01
2.335684105304014491e+00
5.485733103066626981e+00
6.695448598934857998e+00
4.663995753692749879e+00
5.902638946618202986e+00
1.172675504050112849e+01
1.361542300129105243e+01
2.181174971580135846e+01
2.268785464257875972e+01
1.894364421660906572e+01
1.355812782655930349e+01
6.215574315920179060e+00
1.160420794374153530e+01
1.421346337936926219e+01
1.013577154608340791e+01
9.617112563349667909e+00
1.493332623944254323e+01
1.302461014632870118e+01
1.582040678594355754e+01
1.748679978635265186e+01
1.566412256352171539e+01
1.798958594769396058e+01
1.578040851816215806e+01
1.587411855820611883e+01
1.839845525617151978e+01
2.504834914978975036e+01
2.168182355899486424e+01
8.897203090912173096e+00
1.547465784492036356e+01
1.474592005784114868e+01
6.746163326753053191e+00
9.162586701539595424e+00
6.241359089801709281e+00
4.427744070320031256e+00
3.716219699061360071e+00
4.471805527367467725e+00
5.317239018248027804e+00
5.293328483530594042e+00
3.283504203108177144e+00
6.164014078046209377e+00
1.137456392469665190e+01
1.116411808006510498e+01
7.206252803345148727e+00
1.045314101194083811e+01
8.129917456892114203e+00
1.010133714673538030e+01
4.719625455562586502e+00
3.443071516976691449e+00
3.650253305689855843e+00
8.411249699790266376e+00
4.917493556804374499e+00
8.356531215147268155e-01
4.200061258795356522e+00
3.441303142969516227e-01
7.798468505087682523e+00
3.444148342662209039e+00
3.076125594009926356e+00
4.693397709356714742e+00
3.051494839782264989e+00
7.853999310594067751e+00
1.196142019080981989e+01
1.093966491254834494e+01
7.589490211820382193e+00
3.448846966682982185e+00
4.149179193167297441e+00
5.988872743309363145e+00
9.187445458778221052e+00
1.040071341573188413e+01
9.682010217733523660e+00
1.131680071503727447e+01
6.381271577695884822e+00
3.434855864437980522e+00
7.424236377100621453e+00
7.693004137392111197e+00
1.011383213942906245e+01
6.846904066220174556e+00
4.222570875608584018e+00
7.314066914708813094e+00
2.372488870405874639e+00
4.718553869424464864e+00
5.337757180629858489e+00
1.014232105588570931e+01
7.557907976162936414e+00
1.157542845355123973e+00
6.791023576672459150e+00
6.774968994068184536e+00
7.261314311639861074e+00
1.249653576871885363e+01
9.687778728580125787e+00
7.693789389394011025e+00
1.045195267624762181e+01
8.009018137817236038e+00
1.039733918916588173e+01
1.336724753504748797e+01
1.881152191018527731e+01
5.643136242732026631e+00
7.895656723305497948e+00
1.065928287664664253e+01
9.737034601925403265e+00
8.080644116873592964e+00
5.028132499835207270e+00
4.862008508833187470e+00
5.033812632470697324e+00
1.738923252086317373e+00
1.937785383651733584e+00
7.160870592593377992e+00
8.743469690952631268e+00
1.270223640328145898e+01
1.171515673406518943e+01
1.351233196362834832e+01
1.102529116333614567e+01
8.106006898347397183e+00
1.287201506928511030e+01
1.668002241094017890e+01
1.594506255315037180e+01
2.004613054017045570e+01
1.975679137035970356e+01
1.530890163376836099e+01
1.182169355799444865e+01
1.025293047805519819e+01
1.251955097630958846e+01
1.148735562806216848e+01
1.365643383418832890e+01
1.005756708066306082e+01
1.025192706749929172e+01
1.112485612839932791e+01
1.049649101350925662e+01
2.301816783375060904e+00
4.821064891464569513e+00
4.037677492805532786e+00
3.085096539996825094e+00
9.386707750622557134e-01
5.686910242441742369e+00
4.540661103737104298e+00
4.141922211371227291e+00
3.787680335487042083e+00
7.573684228882964220e+00
1.325039806449059299e+01
1.673984738179400722e+01
1.672667392053310920e+01
1.187907149160713516e+01
9.947574752705731882e+00
8.920355324937073505e+00
1.613400581354839147e+01
8.748056017076612179e+00
1.039357327411707743e+01
3.779958087467385486e+00
1.066819970280053376e+01
8.676185815322485340e+00
9.202184125521181812e+00
6.825820305834992219e+00
4.137500341854306818e+00
6.677963669306223871e+00
2.072834738475016536e+00
2.167080119544005257e+00
1.288788983418126222e+01
1.754702163295972639e+01
1.760586480572547430e+01
1.560222120610250940e+01
1.723291892376154166e+01
1.646868586284007918e+01
1.271824560255908665e+01
1.115320991238129977e+01
1.354987080986548165e+01
5.784556127240253254e+00
7.409657366623234154e+00
1.053740427671263546e+01
1.427455149917277843e+01
1.441267252732381543e+01
1.288718319938203472e+01
7.153002245651154389e+00
5.838129097202751083e+00
4.495271033862982435e+00
5.367129524644436600e+00
4.485793822364533057e+00
5.459118505359803475e-01
3.336104786329866734e+00
3.641644878844698230e+00
7.527866608096990042e+00
7.710940147801159661e+00
6.437272001480685013e+00
2.341559676015966041e+00
4.826609911074158710e+00
8.352548825465733628e+00
1.107587358323923787e+01
1.013614984085726434e+01
7.404403590322008455e+00
7.491151745563083608e+00
4.549127617176398353e+00
2.394974313208428462e+00
5.880416925327201838e+00
3.967660873657848697e+00
9.164460058943541654e+00
5.930042553712187470e+00
2.612761196164133271e+00
1.428246054926743547e+01
1.873754916264289605e+01
1.966698266714816867e+01
1.598935755144897897e+01
1.043948305374956220e+01
1.676024862030511642e+01
2.081316957248002453e+01
2.184268021636217938e+01
2.086622753422942367e+01
1.434375965772696837e+01
1.666157913311739946e+01
1.265269016519133061e+01
7.970545520223923930e+00
9.107942131515990525e+00
1.108658491622460929e+01
9.294928460022694239e+00
1.356251948264200635e+01
1.645095917114672446e+01
1.555713906801578794e+01
1.009717009341682825e+01
1.139534506863570051e+01
1.027752521564712751e+01
1.904181372668310956e+01
1.367571445828164656e+01
9.506285534383419389e+00
1.116014867762713791e+01
9.972574156384677480e+00
5.306584471927479285e+00
1.170585800033108193e+01
2.140383633864656687e+01
1.722103554648223067e+01
1.899103411720453494e+01
1.239622222039885990e+01
9.204071835974520610e+00
3.913687671244588273e+00
3.663781881269987828e+00
5.893936425392613643e+00
6.498164875884469893e+00
3.138274004686037344e+00
8.321212475768410499e+00
5.376182348256620003e+00
5.865724152251383217e+00
1.457872130572590130e+00
6.211432647029501375e+00
1.307022451792759909e+01
1.395036457579600331e+01
2.282307208140435861e+01
2.178161601435797223e+01
7.272941160968192875e+00
5.129031512693183359e+00
3.405149155470366562e+00
8.816733382383127093e+00
8.322134871916013310e+00
7.046941464611661488e+00
1.056461922390820085e+01
1.383208858272273289e+01
6.273005623882267123e+00
5.218051065490396212e+00
1.946205686596193862e+00
4.989302355224728203e+00
8.418037294957832373e+00
9.361317300921713880e+00
1.404611704972489505e+01
1.111690958964577369e+01
9.878657112641901605e+00
1.041013476165352358e+01
6.506382210797246657e+00
2.044990636980479337e+00
2.752479747801508836e+00
5.365280621237818792e+00
8.242017057100204269e+00
4.176564957411391887e+00
9.332517106978123200e-01
6.722761928866268555e+00
4.171961585454160293e+00
5.487557180564702541e+00
3.508252980015614142e+00
5.659664433941616224e+00
3.831747232118152713e+00
5.300231847379702543e+00
5.265382371615205059e+00
1.162970706378131069e+01
1.736572807064072776e+01
1.787175714033512719e+01
1.783027280655608848e+01
1.542204015473964063e+01
1.706622474491571850e+01
1.410534335954446838e+01
1.334127955443195113e+01
7.380730140377222526e+00
9.744313581148645653e+00
1.134652028380606303e+01
1.737553677301230692e+01
2.360914934585043312e+01
2.802091283126511456e+01
2.380949087886273219e+01
1.992385925255686985e+01
1.791223445425171334e+01
2.091700370145419186e+01
2.197657587022085934e+01
1.466366964398800654e+01
5.230884261925168310e+00
9.241078699275266928e+00
1.072984636135167413e+01
7.582885673485586508e+00
5.249201307923653914e+00
2.911865654106611689e+00
7.217838210646042363e+00
6.250480062020153049e+00
5.682339151340793926e+00
1.582754031026152530e+00
1.900477966551023190e+00
3.737700835092318208e+00
3.991713418325368412e+00
2.773476251893812972e+00
1.271445520082256664e+01
5.204236268978522872e+00
3.312106871788303764e+00
5.984059898537189781e+00
1.632835657228085680e+01
4.160132011046816736e+00
1.352865344859466923e+01
9.837569662141232740e+00
8.659481929123757027e+00
5.288362084782014527e+00
7.976112904109733392e-01
3.330435078926717196e+00
4.678809277222903518e+00
3.399559569559669203e+00
3.182937979386922134e+00
5.527365448468861686e+00
1.070933634685914626e+01
7.282430223681561898e+00
1.149838820640046322e+01
1.068624284229741406e+01
1.234337998186695806e+01
7.275722097076919859e+00
5.307623323883704280e+00
6.210791411358808745e+00
4.365394221206534198e+00
6.397552227693516613e+00
8.187270132518687404e+00
6.006198954646539967e+00
7.759413467476638182e+00
1.541943643458128577e+01
2.139867069611068118e+01
1.608097152935163621e+01
1.734161801512891898e+01
1.174882149593565295e+01
1.940872856017287162e+01
1.378022378094696343e+01
6.037594125033129977e+00
3.054517348580704894e+00
6.487670807976212650e+00
7.800527881695132670e+00
6.595420765999292279e+00
3.549479437553981764e+00
2.701001368940310066e+00
9.339885351791918922e+00
1.067017668811068631e+01
7.338268004784947784e+00
3.747413953036358158e+00
6.534921585268696376e+00
5.436176359509837575e+00
7.822933074301645640e+00
1.118013368461161861e+01
1.231713067868662570e+01
1.009633491383649684e+01
9.794994913519776247e+00
8.708214117207930371e+00
9.531767456290957341e+00
1.243216450372655402e+01
1.557121263267158184e+01
1.328874025659805902e+01
1.318391827660883564e+01
6.976950725068068238e+00
9.296320207904457789e+00
1.591866040849804698e+01
1.706637906818084005e+01
9.645423746840982915e+00
1.340604887520236321e+00
6.879645169974926588e+00
1.131028241585762650e+01
1.367228061516220450e+01
4.518133480844872096e+00
4.331247046145710655e+00
5.395461694705371514e+00
9.426233334393604224e+00
1.172220615225810114e+01
1.630745743311168283e+01
1.339301640427215112e+01
9.084186780048145948e+00
1.773231928944419522e+01
1.705609261030416235e+01
1.374243734418593199e+01
1.435901637010468690e+01
1.582535718244658085e+01
1.207875845786396596e+01
5.791813911257849057e+00
9.071828417769138397e+00
8.563579357590077379e+00
2.185599059375455511e+00
4.422129634875270554e+00
1.090908548490850194e+01
7.656551528850370048e+00
9.855497337943315728e+00
1.097781386506155421e+01
1.102684229823896622e+01
1.284152650800849216e+01
1.720368603873866320e+01
1.560160700280939672e+01
1.140899036983914172e+01
1.646273873887335037e+00
4.352720999187503992e+00
1.457019131771323650e+01
1.283942403667590426e+01
9.777821036306544755e+00
5.543959801630096607e+00
4.484848485044951261e+00
5.940780172612116772e+00
6.704494890557876730e+00
1.201467346793915603e+01
1.264170854304608937e+01
8.211774591463058215e+00
6.414915276246571985e+00
6.879750062936484944e+00
8.242709770433188865e+00
8.815115945759790961e+00
8.371405202922494126e+00
4.126363610194885290e+00
4.848262414254282504e+00
1.120953095860944160e+01
7.921380028918086680e+00
5.265480378402346062e+00
1.144712390661630153e+01
5.922821388744886839e+00
1.534908627190583186e+00
3.961134078684316773e+00
4.541960154271107442e+00
8.217946438606201554e+00
5.611374741905041930e+00
1.084359331048586661e+01
1.001746039116263098e+01
6.757846309768548387e+00
5.532073654169843202e+00
2.509856600522258674e+00
7.468851595333706683e+00
8.342077359408563098e+00
7.650821301714775480e+00
1.141697068432299744e+01
9.575324533403946958e+00
1.323299005752418722e+01
1.089528992781809436e+01
7.447654232827396470e+00
6.305760452762720902e+00
9.745236032874709409e+00
9.931404452938403793e+00
1.240437246184317743e+01
1.210260598679675503e+01
1.329922030879705375e+01
1.302940473643834629e+01
1.181214011927223950e+01
1.511150227499444298e+01
1.670633762751122475e+01
1.022283948247886798e+01
5.086806377017278891e+00
4.206662044487520902e+00
4.286538144773118120e+00
4.608035177944625360e+00
6.600701097546379792e+00
8.454753481296886974e+00
1.402349779160181242e+01
7.878284840255752819e+00
4.855331345971764634e+00
5.712758332474201950e+00
7.671722537635728756e+00
9.039102224253154461e+00
6.040888232584499917e+00
1.124823900786395114e+01
1.138100957740121544e+01
9.391223496097845569e+00
1.121709558332210221e+01
1.151622987824481825e+01
7.510858763109285796e+00
5.864840929825444249e+00
1.022164158408121359e+01
9.110247711308627316e+00
1.172028213402076524e+01
1.131753500626933473e+01
6.987135733811403071e+00
7.307813941303758831e+00
1.031120356815561756e+01
9.794642392990532187e+00
8.996588009699703292e+00
2.557454608203239665e+00
5.873007182788107627e+00
1.021380501726503631e+00
3.153157496878878696e+00
3.622713866733223931e+00
5.883395836965954473e+00
5.415773239547533535e+00
2.929423043632651158e+00
6.930129670442851442e+00
1.078621240432208950e+01
9.471428249312376479e+00
5.658310081548536985e+00
9.271436499567576206e+00
5.525915826730822822e+00
5.229949418359794322e+00
7.807067689457572790e+00
9.757950518556837594e+00
1.289800026752976692e+01
1.072002732605291264e+01
5.655297645071390988e+00
1.077519994111323243e+01
8.593235624283702023e+00
7.831032752897599813e+00
1.432672280535391707e+01
1.088215518615531963e+01
3.344591509526609663e+00
6.946704841558446475e+00
9.624983733399217201e+00
6.740911514524836612e+00
5.971060771313741355e+00
1.079789742642721606e+01
8.444005584351954141e+00
6.298422090004374141e+00
1.256437838470354151e+01
1.464057986284975854e+01
1.675762302519545699e+01
2.083135940520383755e+01
1.751683305365464705e+01
1.454121126394745112e+01
1.740833279474535544e+01
1.160631488907832853e+01
8.805067282395814487e+00
4.304987662961604400e+00
4.789772255309604709e+00
3.701583791487173869e+00
5.073031415358072671e+00
2.249809805898828508e+00
6.618225422016312365e+00
1.814451568395091030e+01
8.657619488252887407e+00
1.130454456852866230e+01
1.464561145856120916e+01
1.159959858049424852e+01
7.322102482490278952e+00
7.210428766937621248e+00
8.218885398289980770e+00
6.106609090924422389e+00
6.274488079104995286e+00
9.217755416923411715e+00
7.765932695404221597e+00
6.759156602578078044e+00
7.459958268044251994e+00
6.462135330855430126e+00
1.366628580514471736e+01
1.792076316310087947e+01
1.240359574254363828e+01
1.294046964757517415e+01
1.334088657517132503e+01
1.656506074333215039e+01
1.230778675462804905e+01
5.742697258525417681e+00
8.039960145031901817e+00
1.526247804289355869e+01
3.032897331912425276e+00
6.559681360074653078e+00
1.327851220966726942e+01
9.048331886572789529e+00
4.308529424047330636e+00
5.525997711552424363e+00
1.229406740073339677e+01
1.793599762240545914e+01
2.137000849105556455e+01
2.256518317857465661e+01
1.679492804473188272e+01
1.764756909321276268e+01
2.159819573564426065e+01
2.151056947351619897e+01
2.319580693603418098e+01
1.974310087688075299e+01
1.555985849484680372e+01
1.029274937296441550e+01
1.039222058941887283e+01
8.661864245990063438e+00
1.032042415549691050e+01
9.920206812924064366e+00
1.160561848475129842e+01
8.212937628977698523e+00
9.657041330720218753e+00
1.195697248182246142e+01
1.183880266488112731e+01
1.181751249384974400e+01
1.252189422240427064e+01
1.211831030622907335e+01
9.428074698061942982e+00
3.550566383309762930e+00
3.452041923148959413e+00
7.568178548527793481e+00
5.285109191802911610e+00
1.297977206191281319e+01
4.183434327133906727e+00
4.264238335128034407e+00
6.327980588272106743e+00
2.040528053735658709e+00
4.572092862033732885e+00
6.137374516151696824e+00
5.914297982516327323e+00
8.669368579845638800e-01
2.881835566350543498e+00
8.415158386341573760e+00
1.076048527720686110e+01
1.483019214256987972e+01
1.828712812172111413e+01
1.039796142857386130e+01
1.478886725531463320e+01
8.004902411601271695e+00
2.327056762144847912e+00
2.734411315820250543e+00
4.880578184325937485e+00
7.274009214362347819e+00
1.427484154008234896e+01
1.349335826580240472e+01
5.276607026861727334e+00
3.332152343872886391e+00
8.372884496009536548e+00
4.475417724967766020e+00
1.128223060462576921e+00
3.478449237746714662e+00
1.237763178519500507e+01
1.583595196165519070e+01
1.375023962989635073e+01
1.512764703570047153e+01
1.076170229623537544e+01
7.281156130110843172e+00
5.458862360846024053e+00
6.228591267688027067e+00
9.788544952296993173e+00
1.031516296834014668e+01
3.043044268311141831e+00
6.050824199304970286e+00
1.180583238354107678e+01
1.310680673478334413e+01
1.037415718668516185e+01
9.586764577786064834e+00
1.107656392053747929e+01
1.008110809383151185e+01
5.539940139094484906e+00
1.211129775471141379e+01
9.454948042467576030e+00
1.309911698375167965e+01
1.224002212785825705e+01
1.238047275343767417e+01
1.830037252492001087e+01
1.629908713117410457e+01
2.150756129251608328e+01
2.460344221835113387e+01
1.830802906001593655e+01
1.266993916280482857e+01
5.432879938890247118e+00
1.221065094766614401e+01
1.008061830308148998e+01
6.425046441134534270e+00
4.167526963858327882e+00
4.289782577477362580e+00
3.644010287031192341e+00
3.820024911640271359e+00
8.884798615763191521e+00
1.151250602298634185e+01
7.194191480142108297e+00
8.833452505839362701e+00
1.364634833670168490e+01
1.500454877504725104e+01
1.132560251443237753e+01
6.952264614505566875e+00
1.032700780210052827e+01
1.156742874991921788e+01
1.798186308193703553e+01
7.596505809590894387e+00
8.214526042915133885e+00
1.609443504682067783e+01
2.097825121686697258e+01
1.595225475336601662e+01
1.650087512532908818e+01
1.911144069263114886e+01
1.753054391639537712e+01
1.337124856644206972e+01
1.140389770790860879e+01
7.669668013982612109e+00
6.699606907096593567e+00
6.326844176741026615e+00
8.336700851131702450e+00
2.668626155578672776e+00
7.251594939277538288e+00
8.170801505892271166e+00
5.553433743551186907e+00
3.017718807134545767e+00
6.990149669131106691e+00
1.039259249463389523e+01
8.596451611346505928e+00
5.618464229012783306e+00
1.152499097291017627e+01
1.463999074086151886e+01
1.483713628392684392e+01
1.537521075220945477e+01
1.146348571422158003e+01
1.531334681870526637e+01
1.918419629626725254e+01
1.463461286908032122e+01
8.337764775240238180e+00
3.178144625667802980e+00
5.283084634555708980e+00
7.214478163233531305e+00
8.059032017591011510e+00
6.045823900020761421e+00
4.208269690663545504e+00
4.836468652006391977e+00
6.352356266384745709e+00
1.276413781405219439e+01
1.724147350440333781e+01
1.209440327254025860e+01
1.018426752981174843e+01
1.533740221353379063e+01
1.962960188170255549e+01
1.878863984731395576e+01
1.730310777730123206e+01
1.450372049081160419e+01
1.098932424700860544e+01
1.139416596069330723e+01
1.395467891114661896e+01
1.222691545024771109e+01
1.153560959032098054e+01
1.283900820701799184e+01
1.937674810541776083e+01
1.839231910169024431e+01
2.121841386288885545e+01
2.387043717338525539e+01
2.367039827807136021e+01
1.940742695909571935e+01
1.937281486832526411e+01
1.852165569444307280e+01
1.552932431042732730e+01
8.003716208202259708e+00
1.469585897324706636e+01
1.660410175765756691e+01
1.451218109337720286e+01
8.786360641804101590e+00
8.516299120873769724e+00
7.888393421125938332e+00
9.503179457727288337e+00
7.895405698355776103e+00
9.189326298824928685e+00
9.869931189374764102e+00
6.934509506918256072e+00
6.463209404021900362e+00
8.491680255749740169e+00
1.304522289209114660e+01
1.198257308065018734e+01
1.365418281300394909e+01
1.618436273281709603e+01
1.548176131344263950e+01
1.112056824477036798e+01
9.400735779243550638e+00
6.464691774011992464e+00
3.180202510270190963e+00
5.822570521668718690e+00
4.524740959176609678e+00
4.814033483005620617e+00
2.994415222406102028e+00
4.403943589868404729e+00
9.519343280260910589e+00
1.173063351624715978e+01
7.762248267417318104e+00
8.047374890158415894e+00
1.078062296780904106e+01
8.596462553671468498e+00
1.208918841658185173e+01
1.309834424103185313e+01
6.809618558481892237e+00
9.773778675504891211e+00
9.806912722733891030e+00
1.322354546668981712e+01
1.821004899769374674e+01
1.550649498327411635e+01
1.754167401582690999e+01
1.126234448375458896e+01
8.637722166141948321e+00
1.045923142360979874e+01
8.219547860592303579e+00
6.885041530984392644e+00
1.007413715863681958e+01
1.155678902937057373e+01
8.703707764828731541e+00
1.284570065078918510e+01
4.753388602027459164e+00
7.022497853009472379e+00
5.842589903010354746e+00
2.909783522392923150e+00
8.050692092861012839e+00
9.738713784425788944e+00
5.511271853969978984e+00
1.140672213827734360e+01
1.206161381591870807e+01
1.719525073186856901e+01
1.706248686303238316e+01
1.335693697790524759e+01
1.200205894400401263e+01
7.541964097796628685e+00
5.806906776832464701e+00
1.365819822709037901e+01
1.024731526120970138e+01
1.197913147923205024e+01
1.467846790936052059e+01
1.061045490197067842e+01
8.177210859787955144e+00
9.080387435235815374e+00
9.789155760815065221e+00
5.832599000234591990e+00
7.109294437903371566e+00
9.158105627663672976e+00
1.703875015536043236e+01
1.743286496759564486e+01
1.778752504803974333e+01
2.271964158274050760e+01
2.765334432852080937e+01
1.961006200962991741e+01
9.429277272329860793e+00
1.035285534691917597e+01
1.175420996725852163e+01
1.091923192475607429e+01
1.166725004493768125e+01
8.904914419200860465e+00
4.257196696229031296e+00
4.837710684821075802e+00
1.028157974986275924e+00
7.050780036227134673e+00
4.628543067046294368e+00
1.129689227503999049e+01
1.412473337563755926e+01
1.366237245361184627e+01
1.225089575019025112e+01
1.039806300244559623e+01
5.262353267900584441e+00
5.835380231728914957e+00
5.253464272005244240e+00
8.276792407023602749e+00
7.565210270443509799e+00
6.546617444637510275e+00
1.511932090105007376e+01
1.199586061025951622e+01
7.526994726813910574e+00
6.775865247508575884e+00
1.415332919164236003e+01
1.094664116820553801e+01
1.557202820074481231e+01
9.810823600525184318e+00
8.438248595195666724e+00
9.532300361647916276e+00
1.491093060171802698e+01
1.458238889876040822e+01
2.757355612663160649e+00
7.851593564204673470e+00
1.034544352254024524e+01
1.173009009370716171e+01
1.271529028739751332e+01
8.059967477799933278e+00
8.121760903958154643e+00
6.540165458100126727e+00
3.280106084771988506e+00
2.665590613681283472e+00
6.518665364476192714e+00
6.942074856985960274e+00
7.096691645554932037e+00
6.503024289798169377e+00
1.077692538166759739e+01
1.694932530358345701e+01
1.691393340580276572e+01
1.381154137445904162e+01
4.495582452426496012e+00
5.282891832634826201e+00
1.100922023603852296e+01
9.818885137272809871e+00
1.337737786964440723e+01
8.189244491970363526e+00
9.431402237188505566e+00
4.146814739722237242e+00
4.970552180617794136e+00
1.736613534959164706e+00
2.711582268056033307e+00
1.115031332029882361e+00
2.197083372707892224e+00
1.054062005855517459e+00
3.007553145611342238e+00
8.286302745476074705e+00
1.076976528273224787e+01
1.208241796048679539e+01
1.440481993085814416e+01
1.786636525022555233e+01
2.265214181247563374e+01
2.574379931212338590e+01
2.181113170883804031e+01
1.923364661263126862e+01
1.771398259300350730e+01
1.070643181763873386e+01
5.953426889491152174e+00
4.391969153775024282e+00
5.300106938017712821e+00
3.137483404782005714e+00
1.462304839589765493e+01
1.454091344951739906e+01
1.715300407025083373e+01
1.422623511575750577e+01
1.022170680491957384e+01
1.462918937305681411e+01
1.852096765547348056e+01
1.385219348285581376e+01
1.448895977772156130e+01
1.332608432466323123e+01
7.433860109015100193e+00
1.026686793881509807e+01
1.600010293188253740e+01
1.468415511103285453e+01
1.784607548095089768e+01
1.956179848087987239e+01
1.990441586138067720e+01
1.817912759011619883e+01
1.778886455322722071e+01
1.979884278764810546e+01
1.580086664887771875e+01
9.616828418437279424e+00
3.787904600044723402e+00
6.830208051780559231e+00
6.972045642033783963e+00
1.145932194306522156e+01
1.429493885199168268e+01
1.445623796140707285e+01
1.752116548224920223e+01
1.816116002427789411e+01
1.803021750154403335e+01
2.147011144553094297e+01
2.168757244305553655e+01
1.752553230266051543e+01
1.743943995468528030e+01
1.702764372738816689e+01
2.131776517680453154e+01
1.439394242306104488e+01
1.711365725056353426e+01
1.864679941019833365e+01
1.545677254088553276e+01
1.381314100428934033e+01
1.006854227913053457e+01
1.215568889197732361e+01
1.510786637370063978e+01
1.519656266793679045e+01
1.445827557738400948e+01
1.383602321022885562e+01
1.568074592603304040e+01
6.380249430862871662e+00
7.573725657300677483e+00
5.113327194517318652e+00
6.715401376111906906e+00
3.582866744935688352e+00
5.953363689430636541e+00
1.204314512134068949e+01
1.629006718286406397e+01
1.337213940339986529e+01
2.993119060891032301e+00
4.104624729769096092e+00
9.689412996388567123e+00
1.359741310841510753e+01
1.330311433697396239e+01
8.353618153903482835e+00
7.692671672062941113e+00
6.582498044932193260e+00
6.732691063195924919e+00
6.999382651565237978e+00
7.841349527630883109e+00
7.949431068612629048e+00
9.545079688252766204e+00
6.654840730307612695e+00
5.980231782728112400e+00
4.005646381160251401e+00
4.670638604880262612e+00
3.816184354800597589e+00
1.022612574281507136e+01
1.229336383934992583e+01
3.859070586005208359e+00
5.049553075462238638e+00
5.294260146352548269e+00
5.509370272740595986e+00
1.412423161754402301e+01
1.524898526976190105e+01
8.493305444496986212e+00
1.152022046364884389e+01
2.049180663652740542e+00
6.224665924322820842e+00
3.510444536552568273e+00
7.010865620943308230e+00
4.275609245359520472e+00
6.845072724156578303e+00
3.319829807909517871e+00
1.184980776348979692e+00
4.139695649739443262e+00
5.022529026592295942e+00
5.569798142117587503e+00
7.905148477323619360e+00
5.855351881702823391e+00
6.431816121720053125e+00
4.695792969270799588e+00
7.637191760785340122e+00
8.671033166623491439e+00
9.222815581935819296e+00
1.594200772485772433e+01
2.109009558201428902e+01
1.644481611663270826e+01
1.777197771140409799e+01
1.986620423800406954e+01
1.474311923803837843e+01
1.244087789342532346e+01
1.586626026512312393e+01
9.580127069953677577e+00
1.078081953147981231e+01
1.082536738020059452e+01
1.753285449447598410e+01
1.817941100410151734e+01
1.698721702087141594e+01
1.746881221019096131e+01
1.531653444853603041e+01
1.260625349020324393e+01
1.670855769170229621e+01
1.940888803908374882e+01
1.451798014148530669e+01
1.346691870462470142e+01
1.219046380757039216e+01
9.846453069255797885e+00
7.080789385059951258e+00
1.590497715549767044e+01
1.741543800412196319e+01
1.128752281347556341e+01
5.713915358345447615e+00
1.922979758508664760e+00
3.895228410356377236e+00
8.089482458813089139e+00
6.354379350211032396e+00
8.091808320871605176e+00
7.255500100514992390e+00
2.246628080590101106e+00
4.678317316096038070e+00
1.991305883295841683e+00
6.533978878256524681e+00
7.193440147407020646e+00
1.900169018037174862e+00
5.472262480117068506e+00
1.135707759239304693e+01
8.593804222013121219e+00
6.127205387703163808e+00
7.820031070029092923e+00
8.502020041510892412e+00
4.456317421869936624e+00
3.782537413257681003e+00
8.178142773281764644e-01
9.730900164813668596e+00
7.564698940441189734e+00
8.955814531243788679e+00
1.219393253340215466e+01
1.305432460835750419e+01
1.517949875949339678e+01
1.612123996135382598e+01
1.477109978486096331e+01
9.115514067936031140e+00
9.206384909410012085e+00
1.419775910398299423e+01
1.947602832136541195e+01
2.002156449600392563e+01
2.019648704698129649e+01
1.836847317343171682e+01
8.184820855634471926e+00
5.547699033603955776e+00
1.034270946295958282e+01
1.233068501806652861e+01
1.370918034313208622e+01
1.537884416006725985e+01
2.094542199424060414e+01
1.866899776771703046e+01
1.084521832559292243e+01
1.952477648181944758e+01
1.574606220643926235e+01
9.679417810224164143e+00
4.844030004596259431e+00
3.880359760850593975e+00
8.544092346006181060e+00
1.898552625884941669e+00
7.943249639425400410e-01
9.007980860062859696e-01
5.088819898013202447e+00
5.813149170060646576e+00
8.716165743489508344e+00
4.352539093987591201e+00
7.863040553906070151e+00
7.037564176615718203e+00
9.088123721342837413e+00
1.151162845220951247e+01
1.618080477661422023e+01
1.781050472012568520e+01
1.963471612289739454e+01
6.879052118193087040e+00
9.062982783761828642e+00
1.661990341107801683e+01
1.080733284755600820e+01
9.844991363124405481e+00
1.401115888537064080e+01
1.880218382606646443e+01
2.326585893877606281e+01
2.441429637016218379e+01
1.797067920289467580e+01
1.534266490848924924e+01
6.122869542620397176e+00
1.258128248061423093e+01
1.213916975020815237e+01
1.804143535957945588e+01
5.549555595223266913e+00
5.047699990919431556e+00
5.788456954172593427e+00
1.308886225638733869e+01
4.205474084682445657e+00
7.951483495451969752e+00
1.112418145592135943e+01
1.499170283415269189e+01
9.335418402052225062e+00
9.820337591215471562e+00
1.208919702150626918e+01
1.023123498298982348e+01
7.631541078872274397e+00
1.086547090699161799e+01
7.401029002851532645e+00
9.207256578275643477e+00
7.795706403010347785e+00
8.378349942387178118e+00
9.992131257410508116e-01
8.721164284895969843e+00
9.900761021172947096e+00
1.862157068107493929e+00
5.216713878256763692e+00
1.445230923531155298e+01
1.390893460110412150e+01
9.019049571918507979e+00
1.470989479849817982e+01
1.568214856548968328e+01
1.244989719078926882e+01
1.382506348219396486e+01
1.326207151995668454e+01
1.484681674572640553e+01
1.502763707159590467e+01
1.741132270097508083e+01
1.025082275891121952e+01
1.343981831722001274e+01
1.852811022183438894e+01
1.539203144251732525e+01
1.671947702559464588e+01
1.115441238541716906e+01
7.180298419680185340e+00
4.982584925067215842e+00
7.887921643578401643e-01
1.003480476414892664e+01
1.904520474608015235e+01
1.055379822243015653e+01
1.032456980440056782e+01
1.140313761638461720e+01
2.641443490024183660e+00
2.564915381572873798e+00
9.027766342291544177e+00
1.154963328764780250e+01
1.226428470800141568e+01
6.931900181577006492e+00
3.033328790698987643e+00
7.211144953320042461e+00
1.921503327685860185e+01
1.527335941900651584e+01
1.197284950180079122e+01
6.153372528240637962e+00
5.634325404914815927e+00
8.647667484580802366e+00
1.034741138125730586e+01
1.009177654230624910e+01
1.436989992786797465e+01
1.187439310965832462e+01
1.177912246649313310e+01
4.289654140657275683e+00
3.407279944561761198e+00
1.548623698573792229e+00
7.359454440254276086e+00
9.674813124115045682e+00
1.032197422462199921e+00
6.629395041171527225e+00
2.873966502847363991e+00
9.360813570956145746e-01
2.510208118431563662e+00
8.213732428751583825e+00
8.272300357169635632e+00
5.579919860822953659e+00
5.335586626187012627e+00
1.318408445358266512e+01
4.565086070388668205e+00
7.480938662293032948e+00
8.622875614125753430e+00
1.143942174637430931e+01
9.236826481106204412e+00
1.427869399804677641e+01
1.081812925920749180e+01
8.618319065843788707e+00
8.704732277702587950e+00
1.307286154250687460e+01
2.775627329929466924e+00
5.889948935712904010e+00
1.176813544121145938e+01
1.336299075268596326e+01
1.319999927622894731e+01
8.457482558997183375e+00
1.183875307825023881e+01
1.011656264380447112e+01
8.524310397421515972e+00
3.184646905898038227e+00
9.473995468660623587e+00
1.090991162117390223e+00
3.839519775397724821e+00
1.432807541093378845e+01
1.866641258128023395e+01
1.779937116107980088e+01
1.406574028827656697e+01
1.405253841567608930e+01
6.360366514795013693e+00
1.001146263217511212e+01
1.462405108494943029e+01
1.431169464729914864e+01
6.606908065375892036e+00
1.189025692831682912e+00
8.517112481404032209e+00
7.739225798599043138e+00
7.292279423413124739e+00
6.955787702445440424e+00
9.391248481955884131e+00
8.617210525895362849e+00
1.231245934084723892e+01
1.504573538734354088e+01
9.941133151622214115e+00
1.161708910261433303e+01
1.450050898125812715e+01
1.589059084528386023e+01
9.803208698516497677e+00
7.302297051326195110e+00
8.475588080268291691e+00
1.357846639653511822e+01
1.208786696368983726e+01
1.133737214323985931e+01
8.310533359201649262e+00
7.437022094334913014e+00
1.686043829896451740e+00
3.634386824877835487e+00
8.828211819383218639e+00
1.421647849056383528e+01
1.517939667472664311e+01
9.833735662060917093e+00
6.764962913413283374e+00
7.981477017606963820e+00
7.451366057585322444e+00
1.258222261182229351e+00
3.298958760073282370e+00
1.197019038120546242e+01
1.196699630174905948e+01
1.606359361278401465e+01
2.169906211338537005e+01
2.248258595506663227e+01
1.546263713047876109e+01
1.689263602669311481e+01
1.922593138292167936e+01
1.391876741201465961e+01
9.771514901779434936e+00
1.375535790348492426e+01
1.183855914722094482e+01
1.118381536569950896e+01
1.259820788637392397e+01
1.520825342877268049e+01
1.592038652147803646e+01
1.467698553979780129e+01
1.611693261337036276e+01
2.125703346688040796e+01
1.076898866514973818e+01
6.331543322761130632e+00
8.355894635347935306e+00
1.040227235327786204e+01
1.462476826644740946e+01
1.438822685266879908e+01
1.538483007644595446e+01
5.559686128686795570e+00
1.930801917464893158e+00
2.413801283452574165e+00
4.118630811639557798e+00
2.845329931237946752e+00
3.503551889802188235e+00
8.507823456664368678e+00
2.365073907936616315e+00
4.967693977035391839e+00
1.008679282818109257e+01
1.093430722977922187e+01
9.190888081591440439e+00
1.363063071327528242e+01
1.081571035887474785e+01
1.151904467363225493e+01
1.257590768733347808e+01
1.745447766954652735e+01
1.052436192746512233e+01
9.586579346388711897e+00
7.172917134719682508e+00
5.345723849047747223e+00
3.456124730433788983e+00
4.822256010941686100e+00
9.691207680736747321e+00
2.220692821493162494e+00
4.712125454853185680e+00
1.076695580666937779e+01
9.636855611290496171e+00
5.626303279866055718e+00
4.863724343142715512e+00
7.072452181622255196e+00
1.197286047882991511e+01
8.947741301028788286e+00
7.558003421031783020e+00
7.482410624366501395e+00
2.220353920817725424e+00
5.355856342852688634e+00
4.053547309867851389e+00
1.358792565949573827e+01
1.675207235795449634e+01
2.231597817686649421e+01
1.634924541003783460e+01
1.090026873994070655e+01
1.667482979120885034e+01
1.323490501592240420e+01
6.814565997688588617e+00
6.535630775486106714e+00
9.291309113464916170e-01
3.891972395455003841e+00
6.104726116892388532e+00
9.492477519448454970e+00
8.123317534078122293e+00
7.743881201115321744e+00
1.026110201545180090e+01
1.605807448996436193e+01
1.983259787492030313e+01
1.620647078047637990e+01
9.912051815460285908e+00
7.783332338158601260e+00
2.663479726768612998e+00
7.771872997930838523e+00
8.371143999492753451e+00
9.234030324121448530e+00
1.572658871613977283e+01
1.199991082571702172e+01
1.296065505143507579e+01
1.190237146826654424e+01
1.771067277497772352e+01
1.247012940090239397e+01
1.243473743931821218e+01
9.856427589311046233e+00
1.409717140143921910e+00
6.906502519850450383e+00
9.614059833299098301e+00
5.128571995268448092e+00
6.746547038569107535e+00
1.178511681936172195e+01
1.674627824777560647e+01
1.578283582677507724e+01
1.836572493842601261e+01
1.675626018256431848e+01
1.920727963414399664e+00
5.799920921553605169e+00
8.683325140183647761e+00
5.613579967802483139e+00
7.664887351829205109e+00
5.328185230293428276e+00
2.778480262864034156e+00
1.008016324657426921e+01
8.168626985498764981e+00
5.999058979051622664e+00
7.156690247021693985e+00
1.119397380410219789e+01
6.652876553671559279e+00
9.719979637735059796e+00
1.479873844803541161e+01
1.705773382023814122e+01
1.489250488036778997e+01
1.689005028978906608e+01
1.299471173864468199e+01
8.733709611111168059e+00
6.992941620446599948e+00
5.024315756206764405e+00
6.321803804019024753e+00
7.798112555694957315e+00
8.952905025747480039e+00
2.958947547033891290e+00
1.354218021624188850e+01
1.215007030492479956e+01
7.600970257868255864e+00
9.989987806576843710e+00
7.069718078788777227e+00
4.259278541392460760e+00
1.180229602765255237e+01
1.042498052553167476e+01
6.819732149500890017e+00
1.174031424333600171e+01
1.227730206012673086e+01
7.866238121743299949e+00
1.026638805687180778e+01
4.141259374189297127e+00
8.356337388357648166e+00
6.261535485288805880e+00
4.177517510016947710e+00
6.301388118028770968e+00
1.157534781192723017e+00
7.580131043904149157e-01
1.583161484053557544e+01
9.876345263405459818e+00
5.724882934334237561e+00
5.647845873043629616e+00
9.584639341807088542e+00
1.270025751656600299e+01
1.188692760882645594e+01
2.843788713835348148e+01
2.419322938772436515e+01
2.109139885653144120e+01
2.046367184835105490e+01
1.526643278791018510e+01
6.738588777911608929e+00
4.322601225583874829e+00
2.030204767454719672e+00
1.068032732495845494e+01
1.139715880226442124e+01
5.514804707775816439e+00
9.708054480419699317e+00
1.376173056472978828e+01
6.623605978794743443e+00
2.977579260011419926e+00
7.820732756034852962e+00
1.156105247297332639e+01
4.265732064203956675e+00
2.228744358814565008e+00
4.455700427496505966e+00
5.227070961065374277e+00
1.194922151248985109e+01
2.031620429709680309e+01
2.195374944450403376e+01
1.962128458627060468e+01
1.209047739640783448e+01
5.931716748107818127e+00
3.297265192465602901e+00
4.060569140599698201e+00
6.781321576986608868e+00
6.358874018459158783e+00
3.819331311996725820e+00
1.158978939824256926e+01
1.069575171201765684e+01
7.445208829378149318e+00
1.404754631750129334e+01
1.831027669966551841e+01
2.005833604941805248e+01
2.111879009968342658e+01
2.008695759679329740e+01
1.582470531742467656e+01
1.196083564484652229e+01
2.738140535839344913e+00
6.589207878227042237e+00
6.246178490519009863e+00
1.304588871728227062e+01
1.085237684201954167e+01
1.301271754094211985e+01
9.280801250414585368e+00
9.896744353287953544e+00
3.189652722053841316e+00
3.576523536085812083e+00
5.734694734215741718e+00
7.415570726534378210e+00
6.835257934861384221e+00
3.716514356606635872e+00
1.111546755160232891e+01
1.078439798253113580e+01
1.337419937504815692e+01
1.082879618469249472e+01
8.508646411476650684e+00
1.757123910504579278e+00
8.006247681140644445e+00
1.463419572511466527e+01
1.301534982141125063e+01
6.588915338706906155e+00
9.357619043461827602e+00
1.394632362135893366e+01
1.345106822867090557e+01
1.387559401603998488e+01
1.780546706141242197e+01
1.672582332676900307e+01
1.337315744815220242e+01
8.750147619853811065e+00
5.234304067190489462e+00
7.016133839380072956e+00
1.292213691381372875e+01
1.755202924251096874e+01
1.457393941259508097e+01
8.567730456322351529e+00
4.966798330878646972e+00
5.011990464423630165e+00
4.186097386991197489e+00
5.919756253948618152e+00
8.148425981770886395e+00
6.883653558939104578e+00
6.348395817122767681e+00
5.164208866142706356e+00
4.132229305030745259e+00
7.234347948851026722e+00
8.906459434957836763e+00
5.255476399284400024e+00
5.977449033520743527e+00
8.284779392967696054e+00
6.528844039628970641e+00
9.039089750123718403e+00
1.175918644804194813e+01
1.281428310262735693e+01
9.722719521367771733e+00
7.141798013259044176e+00
1.022404271589509683e+01
9.746503992491582835e+00
1.047635315143604373e+01
1.507291702570183922e+01
1.667815239422993301e+01
1.830336567395354663e+01
1.465601631297679575e+01
1.107769564276388152e+01
9.452469179624943152e+00
1.093661032938752342e+01
6.351781699177641904e+00
5.282703382263517433e+00
5.468687191868092157e+00
3.978961721040979338e+00
6.807743076989404507e+00
8.478418107574709595e+00
3.029356185776436838e+00
2.444696504236358869e+00
4.735151751910043672e+00
4.096149211927087030e+00
2.442204705201701298e+00
4.849508821365439815e+00
1.000990277467931833e+01
1.283750125374389128e+01
1.486076249160144691e+01
1.007736862459252691e+01
1.091193795654421983e+01
1.572704503639590534e+01
7.141449918102122041e+00
3.166870057092703750e+00
3.650256398447806472e+00
3.087048371701473393e+00
9.729617787762457226e+00
1.621189857025792236e+01
1.716855862194994131e+01
1.668010962296427024e+01
9.826379326332407516e+00
1.257332579691235530e+01
5.028364862337398655e+00
5.225317029162699356e+00
7.132520002502551471e+00
1.559789553825183006e+01
2.038423166388328767e+01
1.698133975900124426e+01
1.826666065963558339e+01
1.398164933518794228e+01
2.219334670850993785e+00
7.566714611631447873e+00
3.082858480553519076e+00
6.731240950533655010e+00
3.658747993256993958e+00
7.314716039394911107e+00
8.455300324328192119e+00
1.018076524499174695e+01
1.360667422417032668e+01
6.165953169480475893e+00
5.661191314544594455e+00
1.082574105925354857e+01
1.277527325205562825e+01
1.738875556088789054e+01
1.646820719529672417e+01
1.213454704009446772e+01
1.269682178847441456e+01
1.476958988470702216e+01
2.270991902734389001e+01
1.506207259798941145e+01
9.688741832011011468e+00
2.603295094455184255e+00
1.023117779999705235e+01
1.202767104026558798e+01
1.324953672853686726e+01
1.314180502670497575e+01
1.911378331017436594e+01
2.114645501894853652e+01
1.627096579999978943e+01
1.556678397628719068e+01
1.425672463013336966e+01
4.248198057874803979e+00
5.392999805735504637e+00
6.345229436536499179e+00
5.715302095399909632e+00
1.200610066311066504e+01
6.922668012397334536e+00
1.739632115273381352e+00
9.336939414953933536e+00
5.838402399907920426e+00
1.045617287992491384e+01
1.222044291691966578e+01
1.079560317966214278e+01
1.497729597613821362e+01
2.032799694443756522e+01
2.049835653343909314e+01
1.764038701167455514e+01
1.583534690195252637e+01
1.820881656792535352e+01
1.527435942745909436e+01
1.093507776623843242e+01
7.755212479894469269e+00
1.212715702215850655e+01
1.619753842221663476e+01
9.430149338431805361e+00
6.713561733202208615e+00
7.025175486975323125e+00
9.860304073394052793e+00
5.022125276945299532e+00
4.726832941681434974e+00
4.905899951388230207e+00
9.394413117180789641e+00
7.497941130127264486e+00
2.021402729859986813e+00
9.391686001575068943e+00
9.689114653259277787e+00
6.824532810204514632e+00
6.358480653322502452e-01
3.451177135196640933e+00
4.338046575791184800e+00
8.501607095745880471e+00
3.515042299030760375e+00
1.865459358508263499e+00
6.742367482996750816e+00
9.184745365059042044e+00
1.555862116635784886e+01
1.054845604279413607e+01
1.857982236126096609e+01
1.832036308083630516e+01
1.822108941575541508e+01
1.549720829508970255e+01
1.177902607192709006e+01
8.439625512366037086e+00
1.014671145180594891e+01
2.880089383265610259e+00
2.499501179498630599e+00
9.298068664054079946e+00
1.182074065823536024e+01
1.443732758896846846e+01
1.981206064631417973e+01
1.150982337861093896e+01
5.518780644924494716e+00
6.005758038495885742e+00
6.982603028513269194e+00
9.190886750242613701e+00
1.222554877746375546e+01
9.272842786665743020e+00
9.038086583030381149e+00
1.259735340344204246e+01
8.348824690831223805e+00
1.110610118272827229e+01
9.641372954424337394e+00
8.461541675189979017e+00
1.023273993733369025e+01
1.020000118147898327e+01
9.292789109129168779e+00
1.089229484621742294e+01
1.275272232210756940e+01
1.566390249075917751e+01
1.192797239508178819e+01
1.744800239221732241e+01
1.429353265185564581e+01
1.538936664881490834e+01
1.801091355417156237e+01
1.659208671919802214e+01
2.219721093203779105e+01
2.365717360576327621e+01
1.708841519980642332e+01
9.182917445634842579e+00
9.424513208863892544e+00
7.418563961548993113e+00
1.291492784635929070e+01
1.979296249752586689e+01
1.509387352617597422e+01
9.939454971088366619e+00
1.019577355479989578e+01
7.848870530748952135e+00
8.188466974465253401e+00
1.206204911499329668e+01
1.425213886264917562e+01
1.127458234249130165e+01
8.488896914389925996e+00
6.239275333540027724e+00
6.024302554377428898e+00
4.544743965644404859e+00
7.148746047046984131e+00
6.362232233413993576e+00
4.881575278085979797e+00
4.170883954717161224e+00
7.928558036790752439e+00
1.441312229797704125e+00
1.611215504332937920e+00
7.271489796976733366e+00
7.466232080211202771e+00
8.522035806173764882e+00
1.127393811089418563e+01
1.700725774231498733e+01
1.663331874050636827e+01
7.665768859700408555e+00
1.144460035272379939e+00
6.143213539416896296e+00
8.327242922674130909e+00
2.672831294437676863e+00
3.990186990505344866e+00
1.433157247231775511e+00
3.588101803127749623e+00
4.820802091731860806e+00
6.222288366976308716e+00
4.675562157661197205e+00
7.711054981462568847e+00
6.303549148808567537e+00
6.235795590576596936e+00
2.096046820571773495e+00
2.842774995446028630e+00
6.456899344632189397e+00
5.856426403611633802e+00
1.198849658824812536e+01
1.148667971539944332e+01
4.985691270074980253e+00
1.134977065407505847e+01
1.478391701633294808e+01
9.857888549364041353e+00
5.227324954592296180e+00
4.739218425966005732e+00
8.522187044565434633e+00
4.977708971430805818e+00
2.849398150067898872e+00
4.436079062403187834e+00
8.203670327825093977e+00
3.163739799369525318e+00
6.965367372828169756e+00
9.310320284195359619e+00
8.785732658864725764e+00
4.614981848175912837e+00
1.201502295349283855e+01
9.567500768987578397e+00
2.379451403220901096e+00
4.101753911876919290e+00
7.537306158532142142e+00
9.633822574691594198e+00
9.707813043535967523e+00
1.006812763791273113e+01
1.751792763883561221e+01
2.097339971134635661e+01
2.222366427570432279e+01
4.989291280075642376e+00
1.016576701738441102e+01
8.667018261257759093e+00
8.118875145101430491e+00
1.210620161631852199e+01
4.778758684153313396e+00
3.401232677525931614e+00
4.818855120349048171e+00
1.914035961855192980e+01
1.333462724426377477e+01
4.068261531182335133e+00
9.074140226548916388e+00
1.490517829130486582e+01
1.469609741764823241e+01
9.997946049124404766e+00
1.037942465081734156e+01
8.185708136428246462e+00
8.377743318565439523e+00
9.210840077990273045e+00
1.164278729139633661e+01
1.405418210551105318e+01
1.831654373825801230e+01
1.543803631677242905e+01
1.496009605167992085e+01
1.625256132224873795e+01
1.633122295576481520e+01
1.464169103855175180e+01
1.240888473371098755e+01
5.060067162639382055e+00
9.043053069107932496e-01
2.907081668226333626e+00
9.180468037412625293e+00
8.946565617792691327e+00
5.842181660615983319e+00
8.535440877784985503e+00
6.514889041075896614e+00
8.197710640528349302e+00
9.033483587091222233e+00
4.383536055871967818e+00
8.254502791314667576e+00
1.095801856001796892e+01
8.476518892198795285e+00
6.996305515727698321e+00
8.105529692487179361e+00
3.425928841733552055e+00
1.855037833213010412e+00
4.162212829156213267e+00
7.416404560203306850e+00
6.294814538216803257e+00
7.766138954187268517e+00
8.161238347802692417e+00
8.670227691371501066e+00
9.591482844717845735e-01
1.525308432143789972e+00
3.819773710972797609e+00
8.072663396134462488e+00
1.682457247672435230e+01
1.332828987931952192e+01
1.765688633977741517e+01
9.556879413207418850e+00
1.060026322480880978e+01
1.246263353568392063e+01
7.627593097872492400e+00
5.236799269861853290e+00
2.890599760909245308e+00
2.288128666342950535e+00
3.000773337069919222e+00
1.830799830595266409e+00
4.392346833901001446e+00
1.672168711854711054e+00
8.066077780043917622e-01
2.997612707289584399e+00
5.433766856073496854e+00
7.357257058262455018e+00
6.203968145583451665e+00
9.711015188550264909e+00
1.538895786365560525e+01
1.504699857090714410e+01
2.433367934755134598e+01
2.798724802935966238e+01
2.678303367437998261e+01
1.979130820269941182e+01
9.574783346079380308e+00
2.462841223679930636e+00
9.366195808423650959e+00
1.158068029355860773e+01
7.226057435359908965e+00
9.385240179690782725e+00
8.715985542256181162e+00
1.049215284642773405e+01
1.127806789019330935e+01
1.202698228461693475e+01
8.330959572823818604e+00
4.833520965434535910e+00
8.176917830999176573e+00
4.930758110589164467e+00
5.467619038540458831e+00
2.999713046310305664e+00
5.106143229105983394e+00
9.631037594414314285e+00
8.151426792131864829e+00
5.368496791696426129e+00
6.226689524851320989e+00
8.553340195546114799e+00
1.141595767551439877e+01
1.162396484164658261e+01
6.390033485045174544e+00
8.759054530096923585e+00
1.962845474204623386e+01
2.322750069035131304e+01
2.365611976533757144e+01
2.040186037381698370e+01
2.039813892612419721e+01
2.033039209190173580e+01
1.753401893079107055e+01
1.043442658885113339e+01
1.769050176285931286e+01
1.562732289655301976e+01
8.937500870608005243e+00
5.778697122600854996e+00
4.317463286015960300e+00
8.497217530361279358e+00
2.810883756824265056e+00
7.356617013115426040e+00
5.758693995007670985e+00
8.220797444310228297e-01
4.612917922947224802e+00
6.667249505231555240e+00
6.098799631500732232e+00
8.995601595510612114e+00
5.132531935277381052e+00
4.213446217473216571e+00
5.453094360458225154e+00
8.038822890723425374e+00
8.491954764168500702e+00
1.132345302628904982e+01
1.364600277427834918e+01
1.163453919520465796e+01
8.359637228355353500e+00
1.063577257451981062e+01
1.087715959113875641e+01
1.211868344182219914e+01
9.825337866071105708e+00
5.318900678404863136e+00
9.736992044742176944e+00
8.710853653425022713e+00
1.060037412528893164e+01
6.478950094505295354e+00
5.973920176125488979e+00
1.376295022086263131e+01
8.427627839386595099e+00
7.447642287367650660e+00
1.183635645343919052e+01
9.541494074468158004e+00
9.859968237057207929e+00
7.316012230714457054e+00
8.505043057487352343e+00
1.180729621753281933e+01
1.269529438898506868e+01
2.032035731996499450e+01
1.082525015036153171e+01
7.611294296830867445e+00
8.993311781269852645e+00
1.083777805270493744e+01
6.521372270339734101e+00
8.368429864038303023e+00
4.565396862587570048e+00
1.078222802677857528e+00
7.002261459559542267e+00
1.011180454687458941e+01
1.141936360758117708e+01
1.129980487248976218e+01
1.115821689573335362e+01
1.402198618853919676e+01
1.568065748904263401e+01
1.560842078327502058e+01
1.233860840774851653e+01
1.852469328472280807e+01
1.874317085844517905e+01
1.427612401633019346e+01
1.590189540151454750e+01
1.071087387230801546e+01
1.575286520170706517e+01
8.811945168237242498e+00
5.258672765467171217e+00
7.166461289529905798e+00
9.709335522115896566e+00
1.273434965552091924e+01
1.313877684477935048e+01
1.772918148443774555e+01
1.455477053823858391e+01
1.418201412838110009e+01
1.028013137355481987e+01
8.161013164681316212e+00
1.290459100073014298e+01
8.611894248652754769e+00
1.157047588536294924e+01
1.240292464295483654e+01
1.605756634822009232e+01
7.916620272214811571e+00
7.622369871416028175e+00
4.135967200702813429e+00
3.769716684728299239e+00
2.224709922255822203e+00
8.216775140168953939e+00
6.879156201242304647e+00
2.437433268880266013e+00
7.330614282730945952e+00
1.386487015024841440e+01
1.522845246887963455e+01
1.131275046903177994e+01
9.649318209900938470e+00
1.271741143123516871e+01
1.410339953089871656e+01
1.612818603853278177e+01
1.567499024615300129e+01
1.297157898089094807e+01
5.477120804744759042e+00
7.682003117873951403e+00
8.492270326934875158e+00
1.216143455032131726e+01
1.651898878961030448e+01
1.563726883603659346e+01
6.329826708562618087e+00
3.234252880800181806e+00
2.279280660126475233e+00
8.095434957996776149e+00
6.507781425196435876e+00
3.045548674092824371e+00
8.561414899006466683e+00
1.807489183024561896e+01
2.397286646026778456e+01
1.688040743649879616e+01
1.348206644231832030e+01
1.155991701106716718e+01
7.966532418289833828e+00
1.057761001263869893e+01
5.929541589773663190e+00
7.231203879275424740e+00
3.642533856635634226e+00
7.391375346630256971e+00
1.426043198720480731e+01
1.246367859008489631e+01
1.034974669039633000e+01
1.326023414212844820e+01
1.380673836759687134e+01
1.951535421264219039e+01
1.781480094372455625e+01
4.703904754923817322e+00
4.817152057496913109e+00
2.625182816971598943e+00
2.172709101849837232e+00
4.104982618672355699e+00
2.664404803287289791e+00
3.838716633436343617e+00
9.762394331432551198e+00
1.377248179076562096e+01
1.228870711174457142e+01
8.816827004394262701e+00
9.559852781165965041e+00
1.096316472125447028e+01
1.405978687076801492e+01
1.295739394398803057e+01
9.228391393089975026e+00
1.157804283117892474e+01
1.323624074560037300e+01
9.937133178249769827e+00
1.164191868973466626e+01
1.388863352347613223e+01
1.021859931469741234e+01
1.338614018218291513e+01
1.260112508304925782e+01
1.168933174411252551e+01
1.118256186713196776e+01
8.941566973336236401e+00
5.513999674659809003e+00
1.000072465531316457e+00
8.439822152317832504e+00
9.139950124189258673e+00
1.561611463940485578e+01
1.595603318543574645e+01
2.770236705488064111e+00
1.906429158958563352e+00
1.479232069559702767e+00
2.787011608625951098e+00
4.784014684632607484e+00
8.012016320819913773e+00
1.073957837592988618e+01
8.803383588169316099e+00
9.681926246854599682e+00
1.163419453139395543e+01
1.377638306521863498e+01
1.727962937707416913e+01
1.749445658739126586e+01
1.643576473875335608e+01
1.722649096044684569e+01
2.570781677883893224e+01
2.522120913961249045e+01
2.117064989454451762e+01
1.999944510648325746e+01
1.890031615276856414e+01
1.398855000147344363e+01
8.516822141524860612e+00
5.078991945774977701e+00
1.753562559605417626e+00
1.226605985104954932e+01
1.587187913328720867e+01
1.463976159728191284e+01
8.688624518280352760e+00
1.587135253715094940e+01
1.623384405365634109e+01
2.297577466298080040e+01
2.183191999010891138e+01
1.674390471435781791e+01
1.838614371635192413e+01
1.272230581311293562e+01
1.064289890891497947e+01
1.292280020026330867e+01
1.356498642781954267e+01
1.836151715868632550e+01
2.202887142637950291e+01
2.304562092853847943e+01
1.821481230006065033e+01
1.583264139368425560e+01
1.048086069842759471e+01
8.394227677522248854e+00
1.046187204294625062e+01
7.974150846958281136e+00
6.548541264137060836e+00
3.281491175235251578e+00
1.258877194400204580e+01
1.522464350075704331e+01
8.307787660943642294e+00
1.014499209913782884e+01
4.080976062732929677e+00
6.624878849200706021e+00
1.384708905291180692e+01
1.422540522888071912e+01
1.185406911883976555e+01
6.560474347889014624e+00
5.840586101514233519e+00
6.527322465766309811e+00
1.314740750385988033e+00
1.570616893552219562e+00
6.066400181340783071e+00
5.917993347260966708e+00
3.698797915183869467e+00
8.378746784501748479e+00
1.859178497225861904e+01
2.162998978633078551e+01
2.016869416200155030e+01
1.832424342119595906e+01
1.881433749190717108e+01
2.034411983380018185e+01
1.700821853457711086e+01
1.549170124437693197e+01
1.325457461654032798e+01
1.160138595217479462e+01
1.001849003672203864e+01
3.970024122002275835e+00
4.276680411283471095e+00
4.081630823348408654e+00
7.795928808440613089e+00
1.078487711705935581e+01
7.710783363066441964e+00
8.822883004203214696e+00
7.490990899356217092e+00
1.165574192344989157e+01
1.386360759616540150e+01
1.291857837660899833e+01
6.623012921569237044e+00
4.846841386639979987e+00
8.222397605373464202e+00
1.336727729848802682e+01
1.786466086107816409e+01
1.375816669811727877e+01
1.013321922087338578e+01
3.878332483048934076e+00
7.311085350134716165e+00
8.988156696798926149e+00
5.225267747371718841e+00
3.003492734630030636e+00
6.193030972575758852e+00
5.529504949420013027e+00
9.429330343427098526e+00
1.000698942397387547e+01
8.036543950524173141e+00
1.322868534855681588e+01
1.677550481968651042e+01
5.221158242934988536e+00
5.444027367052783895e+00
6.961422524377786303e+00
1.210142340410449435e+01
1.335777355043020798e+01
1.075625866665813213e+01
1.019934558434748695e+01
5.468457406117041231e+00
7.521445891614154888e+00
1.056135307783568500e+01
1.111895797044780032e+01
5.432660423297486219e+00
4.904579446142920851e+00
1.059079677621576288e+01
9.568803669761106079e+00
1.032256537983769462e+01
1.270103983483683763e+01
1.195531046985457202e+01
1.368573752065223736e+01
1.505330176163866085e+01
1.566528347961120460e+01
1.086185611138279938e+01
1.232230730088534543e+01
9.714605933142511418e+00
7.905748405589029915e+00
4.439604137767597436e+00
1.185223058157119702e+01
1.289594395907168511e+01
1.078762234919796725e+01
6.864677606766917961e+00
3.631278564246932739e+00
5.780258825898715536e+00
7.331798872461079419e+00
1.132139388918811207e+01
1.313983287891503693e+01
1.347331339606492939e+01
1.694162904785542167e+01
1.641228182890368004e+01
1.487139751567987567e+01
1.702433897822598396e+01
1.700257878297147940e+01
1.293449010750878081e+01
4.194680128662900742e+00
4.465057168125666109e+00
7.959684221654109493e+00
7.056309757395961668e+00
1.233557814208095627e+00
5.056014460134367283e+00
7.507448162184704898e+00
6.772638551119390726e+00
6.755961490824863525e+00
9.923389893603001610e+00
1.816949424983978290e+01
1.903208877882120120e+01
2.027614895166201947e+01
1.889438715530538815e+01
1.556392109848378880e+01
1.490500877630670473e+01
1.560735703121893536e+01
2.460274102413321629e+01
2.175416702688825410e+01
1.192318582738157673e+01
1.498430114593426232e+01
8.241708714387049994e+00
3.557790229335608068e+00
1.326503751299955525e+01
1.576697433831190764e+01
1.804707429668205521e+01
1.338268447264232108e+01
1.661862000196157041e+01
1.766603985682899491e+01
1.457631325310538983e+01
1.859573058693150927e+01
8.802864296582344039e+00
6.044108621235119827e+00
5.633744839679789784e+00
1.054708767880950759e+01
1.522872573578336208e+01
1.801967758368757089e+01
2.114418027996576654e+01
1.721636867354205336e+01
1.748105047634495435e+01
1.728386592947534339e+01
1.043709593230943078e+01
1.422493502333211879e+01
1.058080465895347366e+01
5.986690838297289652e+00
1.230034669363743838e+01
9.101651449249729353e+00
9.659985899319805114e+00
3.224572380184285159e+00
2.546036215252894142e+00
8.581513964288222107e-01
4.558840593913997097e+00
4.720153083438579422e+00
4.584681072374646504e+00
6.616566985761858533e+00
3.307366519460246845e+00
7.410140771636479329e+00
1.114519100664094431e+01
1.884028246442316501e+01
1.261668191573993525e+01
7.668383790208607387e+00
1.146347954372854971e+01
1.125498209137915850e+01
9.325992550831042394e+00
6.280130229314211832e+00
8.414508869405244340e+00
1.311885631465282209e+01
1.395666798227678385e+01
1.362111954354509535e+01
1.122632933452458959e+00
8.266939565534517698e+00
1.173211390050162173e+01
9.278752698080296568e+00
1.033701257579892285e+01
8.712016587675993406e+00
3.332633170953891444e+00
8.584189695308653612e+00
1.534640334557522401e+01
1.372736671818690724e+01
1.226367161700008168e+01
6.127942722475662407e+00
4.368402980358172094e+00
6.877490241017437889e+00
3.971843300654820830e+00
9.070432950348333634e+00
5.146366089500594931e+00
6.211601282025307924e+00
7.213927127864535827e+00
9.638598265264338494e+00
3.482135957799510351e+00
6.495047151578186906e+00
1.041460350879886576e+01
1.458670459235302275e+01
1.166240204650877388e+01
1.062165852708182356e+01
4.170964589052872817e+00
1.061189379699878899e+01
6.613979698134499152e+00
3.805845457735710813e+00
8.307703104607625733e+00
7.038142184970745951e+00
1.027937802140587209e+01
9.008498662357087738e+00
5.542894774590311435e+00
6.292113156783461392e+00
4.514737692701705996e+00
7.014543166921930251e+00
8.280810516296689627e+00
9.274917499366880591e+00
1.229204228689875222e+01
9.487158217262091853e+00
1.426354169858281296e+01
8.695698599882790703e+00
6.172449704358184519e+00
1.134039397116102066e+01
8.620899175283573967e+00
5.227503698131766185e+00
5.972802487025649754e+00
2.142351520331963854e+00
1.916741999744497438e+00
3.140337149714725662e+00
4.605394435783257912e+00
9.683867427441439801e+00
1.587147459441412956e+01
1.774751714205416420e+01
1.655446487799155264e+01
1.817059572539552903e+01
1.834752949332317939e+01
1.940215098258666160e+01
1.702294092983723317e+01
2.297883617390720445e+01
1.896856073675193599e+01
1.736390033430178903e+01
1.719065295480115907e+01
1.368144665980669927e+01
1.484243464311152216e+01
1.419987330571029993e+01
1.590053785086148963e+01
1.695937220616394470e+01
1.646363809391976574e+01
6.480891208471744491e+00
4.473051144940781931e+00
3.755337794532300766e-01
3.028175796531477726e+00
5.144773157412182663e+00
6.533374892841161241e+00
2.111669731864676547e-01
6.818911354411753223e+00
6.169246856222808439e+00
7.777268893817415041e+00
1.222218175802908924e+01
1.596921706861657420e+01
1.196029659711701676e+01
1.145433241344397857e+01
1.068941075462366186e+01
8.042204767302322921e+00
4.172208003451182812e+00
4.132250649577674295e+00
7.591440542788378210e+00
1.045785079651115446e+01
7.120564125893611873e+00
1.043266234003483461e+01
2.274038465780373386e+01
2.258096111538910833e+01
2.160218601816623263e+01
2.222656770453142627e+01
1.744340146369094668e+01
8.841175705185269962e+00
8.055496578577201916e+00
2.590652999455965499e+00
8.151565859787690549e-01
1.332298895441278663e+00
9.917598822864150954e-01
2.990371082945936010e+00
4.355998561233663580e+00
3.653253718041908016e+00
8.784676210941643859e+00
3.782936207607815682e+00
5.650681991875343257e+00
6.921410249793902736e+00
1.440393276383780341e+00
5.735449603567085219e+00
5.059119698800071063e+00
1.119925936758855300e+01
5.653057318266542453e+00
9.490820505205581625e-01
4.859121659744801036e+00
7.634156445355728238e+00
4.528162679789486056e+00
1.024853306800201658e+01
7.435321265384526868e+00
1.311319874492348214e+00
1.179924986933344577e+01
1.046353410326516631e+01
2.590120769058714689e+00
3.505700197051892175e+00
9.139415565443918865e+00
6.131123042283038060e+00
9.301738008782951539e+00
9.801325176274964690e+00
4.883399549326111533e+00
2.572431937453323769e+00
6.657454532949208748e+00
8.037095676946488965e+00
6.515380878852770508e+00
5.524086222856237072e+00
5.068582718441638768e+00
8.771387377134789887e+00
9.356560243955701850e+00
1.072830932994216901e+01
8.247994737155273981e+00
1.081198915963578955e+01
1.170147438230601722e+01
4.497538889894537206e+00
8.522268793224300865e+00
1.600755019938180013e+01
1.336709786475354811e+01
1.079984444305060620e+01
4.054898916697200484e+00
2.324039377438120724e+00
5.629527597002839556e+00
8.017276958549540922e+00
7.205503678857002825e+00
6.955169281693796002e+00
6.309501332922638817e+00
1.300408648357323926e+01
1.261671078280391534e+01
6.632957126746737764e+00
6.777099071470212621e+00
7.954311315777495395e+00
2.416124893411131680e+00
6.713404723594864620e+00
1.039718226776796861e+01
4.267524105967906323e+00
1.180414577911103269e+00
4.003180119736656550e+00
7.346438803878621471e+00
1.054981311070928918e+01
1.395992430704498233e+01
1.358432927498886933e+01
1.083115697013166923e+01
1.135658091893469823e+01
1.217206269675319241e+01
5.692659836924887529e+00
8.132501292850655261e+00
7.332363445801520996e+00
8.964608669164514154e+00
9.248277934172214998e+00
1.177763522811359564e+01
8.913369998928793336e+00
1.205347391818628822e+01
1.592611405210516651e+01
1.725073097159262403e+01
1.575704297981758373e+01
1.937649313507403548e+01
1.507820622261106358e+01
1.463341543443160120e+01
1.573821534091784535e+01
1.372154421745673325e+01
2.122790336380602838e+01
2.487384893653732831e+01
1.554852797154263833e+01
9.355519294766450500e+00
9.027615495920631616e+00
1.662787384396228774e+01
1.638972852394912394e+01
1.087898490941533503e+01
1.023158750375896808e+01
3.542223297789777181e+00
5.455513343086197509e+00
1.000655502001234431e+01
1.023126067373867798e+01
9.769426538333343402e+00
4.158656353575011622e+00
5.466543913804066790e+00
5.111738812529846854e+00
3.094463385682859613e+00
2.631874552676565671e+00
3.561333767334358580e+00
9.080252994933040611e+00
1.181850624661482385e+01
1.662809130791694301e+01
1.088242126742481553e+01
1.072994686774184103e+01
7.918968972642053572e+00
1.807808155450148835e+00
2.613554002767810580e+00
3.334874965944185199e+00
4.644865983307385982e+00
3.918284143945748532e+00
3.942825604076286794e+00
1.121303486421579176e+00
4.719714376608789230e+00
4.912415634889219618e+00
6.659521843977346478e+00
1.643270593174160021e+00
2.651640962516981670e+00
5.014226417424378468e+00
1.312446190144715175e+01
2.184929234522547858e+01
1.716302868913799884e+01
9.100927859922276042e+00
3.535557546523094175e+00
5.693961191786522491e+00
4.163348275395391873e+00
4.814334868903593190e+00
3.666313832381037585e+00
6.006560158348325018e+00
5.243230138362319437e+00
3.605633403976868934e+00
5.462361739185029208e+00
6.925562032626158881e+00
1.093161170920149061e+01
6.947434410399027094e+00
7.640997142298285638e+00
4.462947980226803502e+00
4.625036592456799767e+00
2.824757598002221926e+00
9.080278432831727642e+00
6.307085371046650124e+00
1.078445176094932023e+01
1.017071226267178474e+01
8.724443762695980098e+00
9.880149811767370949e+00
6.353538038095958740e+00
1.135250801526059306e+01
2.095232724428162996e+01
2.497100222864366259e+01
2.401904347288430586e+01
1.297697844146424018e+01
6.222146558689136242e+00
1.333890470239090575e+00
3.143770690559712477e+00
6.082733322623534278e+00
5.063596897673971142e+00
3.921780203944087440e+00
2.375361219997856210e+00
3.818091377201809244e+00
3.460461513218988649e+00
6.670866647533904903e+00
2.684569868277584703e+00
7.632314925288691043e+00
9.252404607094172562e+00
5.692443213447138994e+00
1.134637569024273596e+01
6.538654388482064483e+00
3.053321653095966592e+00
5.629974138446632637e+00
1.364433179527058115e+01
1.560698061768719214e+01
1.306250611728235356e+01
8.967351558524192967e+00
8.913282894486195929e+00
8.629774303204754915e+00
1.028199965531784166e+01
1.035066384766552972e+01
1.205812498069266070e+01
1.622891485342394446e+01
1.462323630877924607e+01
1.189490594602692752e+01
3.826534456582198374e+00
5.798943165248036102e+00
5.093233395907759586e+00
1.170671333822380156e+01
7.932133301941305170e+00
2.493645859662327879e+00
9.029125615141163408e+00
1.050910945394968010e+01
5.141125667197185223e+00
5.291177092449384389e+00
5.304841232516421812e+00
8.582017398205202596e+00
8.490719029131435391e+00
4.806604831981456272e+00
4.574225534445844232e+00
5.221997214433206302e+00
5.436979660258815628e+00
1.330123010936777561e+01
1.375058449584948939e+01
3.489052137291784206e+00
6.422801728590287418e+00
9.683638916170568933e+00
7.707714589230842961e+00
9.893962545520635032e+00
7.188819271377334452e+00
8.837709139773334499e+00
1.443022266230385142e+01
1.365823460796553412e+01
1.511429249161592381e+01
1.503236807244829620e+01
1.392285572427771889e+01
1.545256888835866427e+01
1.613847907594785624e+01
1.807381423180693858e+01
1.533584899339567187e+01
1.027253179362834068e+01
3.349433625709282047e+00
3.684053698959060430e+00
1.812462690332843351e+00
4.949629273728436196e+00
1.934195726102989843e+00
5.155921440754438478e+00
3.525379868437378050e+00
5.354126136993055063e+00
1.713865373534642700e+01
1.490504532659055670e+01
1.602166069788896507e+01
1.719956861372568113e+01
1.283020828222729826e+01
1.746927055265106787e+01
1.816902412067267747e+01
8.629209447507010466e+00
5.456908945636159913e+00
6.488826644900296259e+00
9.746034336783669261e+00
5.054287054874428087e+00
5.075412331765571494e+00
6.082100008661342372e+00
3.479320020241483125e+00
5.412164283624859351e+00
5.955057420876777030e+00
4.537189582558426082e+00
3.386177990380687230e+00
3.389491601504160734e+00
2.346127828930967940e+00
6.833228313549827959e+00
5.026649849078534515e+00
9.674143157449496044e+00
1.090312798225538415e+01
8.064135062954445488e+00
1.587978962444291930e+00
6.872867372296117772e+00
5.739043191022973112e+00
4.656444227905419453e+00
8.117205678500351240e+00
5.878412210841599261e+00
9.472354938491275078e+00
9.132746776264641042e+00
1.009664837233100521e+01
9.441491137015303181e-01
4.511410924344642304e+00
1.105547842216959786e+01
1.092814680008773642e+01
1.361991880671039468e+01
1.712604329670067571e+01
1.786919473598119623e+01
1.849965875692529949e+01
1.049781831193763537e+01
8.490897705144412555e+00
1.221061993674852353e+01
1.470309647883041038e+01
1.322263620103156079e+01
9.684557269483210717e+00
1.169542239455877919e+01
1.922320553087448403e+01
1.382307721497457287e+01
6.942678608880327396e+00
1.092159014685943319e+01
5.975956957686720195e+00
4.269637319317093116e+00
8.456743034299494255e+00
5.557485567131355886e+00
8.041138125983216867e+00
8.678144731425041059e+00
8.699040383551198019e+00
1.101356095708753458e+01
1.059256158831156824e+01
6.371051967059219834e+00
6.779201877390566899e+00
8.541917843145917288e+00
7.478129542055929058e+00
1.186055164176276477e+01
9.845428539705189053e+00
9.764569481877520829e+00
4.041305905033258483e+00
6.070408873160680230e+00
7.724063973784991433e+00
8.843758518119004819e+00
4.096033490092337637e+00
1.026888874236250615e+01
6.847360624175871990e+00
7.427982066455644627e+00
1.129380022049381971e+01
9.947782319264337758e+00
1.087989120058137260e+01
4.283759554011453474e+00
5.804401346253875715e+00
5.841015125994543311e+00
9.662019380550642467e+00
8.993075905520258928e+00
2.861483082144843593e+00
2.655349950776582535e+00
3.207129598439493190e+00
4.735222447007345181e+00
8.315496847529397328e+00
1.450052373585796239e+01
2.037620514509073999e+01
2.081358561662838014e+01
1.592450751366228801e+01
2.003341581598949972e+01
2.354018927647613779e+01
2.301089218997570995e+01
1.753383539358605248e+01
1.316031456772256902e+01
1.460850374670138230e+01
1.280185123343300191e+01
1.453000148964487437e+01
1.190018744460431677e+01
1.101324476469643088e+01
1.041601726301712993e+01
1.376822117233750831e+01
1.454988923599481332e+01
1.346975613477581390e+01
1.308956336479869975e+01
1.242421635004966873e+01
1.613570554159578307e+01
1.163531242561208323e+01
1.221233976992884607e+01
1.798672077273277381e+01
2.373505234029570943e+01
2.157446091986291492e+01
2.016614469993974268e+01
1.593718032778223836e+01
1.282285746723479747e+01
8.694255195514136503e+00
2.013549834382250214e+00
3.412622872260903772e+00
4.500262017454446983e+00
8.048725790437401884e+00
1.467538089505163867e+01
1.268279732724486664e+01
1.450173974355380579e+01
1.715438575267993571e+01
1.779621769906190565e+01
1.774497121462433569e+01
1.414383242391597761e+01
1.733174423838055489e+01
1.443747260916327235e+01
1.530900495358632796e+01
1.431382436247866963e+01
1.432782435813268407e+01
1.125563606549657081e+01
1.313227318800715793e+01
1.332166470382611756e+01
1.183469022302739404e+01
9.003920969924772422e+00
4.500517947612273417e+00
7.978065576051847962e+00
1.694396551603235324e+01
1.461225838965441426e+01
1.758733380714366490e+01
2.532941157820646083e+01
1.537176999096889318e+01
1.646139704980459229e+01
1.256118918090693626e+01
4.591469411265769907e+00
2.672196740245140756e+00
5.456671572531579528e+00
4.851385860653058657e+00
9.129115334380875524e+00
1.659879070026805437e+01
1.889799586239195506e+01
1.687738804134702164e+01
2.348388930374287753e+01
2.513854636766826900e+01
1.980812187688364290e+01
1.953527075637528299e+01
2.056402660426127227e+01
2.302861623937486968e+01
1.842620162729578226e+01
1.989202215110427474e+01
1.988432228310391281e+01
2.192460098785048572e+01
2.362983196982949252e+01
2.270224507131720770e+01
2.124318080980996726e+01
1.824083738649790476e+01
1.030384768249437144e+01
1.294234091693322597e+01
9.223395892141105890e+00
7.239745684716573315e+00
9.565145190201921110e+00
6.814209302349796715e+00
1.220304452843758014e+01
6.907563969591842934e+00
7.314579456598649720e+00
7.803400448912686471e+00
6.528565185588696806e+00
3.284240216989537942e+00
3.307797836171133099e+00
9.228112363308310639e-01
4.231053135205088189e+00
4.575987820495114988e+00
4.546147047996063506e+00
4.396792969426746467e+00
2.807175438839669468e+00
6.588761362477260519e+00
1.092267830215117463e+01
1.372091902415631459e+01
9.418919028032192386e+00
5.466110291742473315e+00
8.874322537154302637e+00
1.136399612803481496e+01
7.461812441795060202e+00
1.111626686249966234e+01
1.493256438226965344e+01
9.098895104491877106e+00
5.498203093034650379e+00
1.903529683995035526e+00
8.501554466071866045e+00
1.225017265822603818e+01
1.157335545356590600e+01
9.065073326042947244e+00
8.599513235125433752e+00
1.881109861442487929e+00
1.531805372675651089e+00
3.402482171876447303e+00
7.078106126460523839e+00
4.480216546308365189e+00
1.768155617142054936e+00
2.327535328877660792e+00
2.109095362590824418e+00
3.422392316791487588e+00
5.739866598939922682e+00
6.066684664256808190e+00
5.864765281606669767e+00
1.592294965277050167e+00
2.071260540280583040e+00
2.612092696483681920e+00
2.981210231070574590e+00
1.348385273002800311e+00
5.525847439908977421e+00
7.554548114793354863e+00
8.615236153442694444e+00
1.427988576535916643e+01
1.452652895339316075e+01
1.856322499535151138e+01
1.601482294360675596e+01
1.058110131972919810e+01
3.779478829217410407e+00
5.083437454074896777e+00
8.362042709612447666e+00
7.597331569035250531e+00
6.528970101467966636e+00
2.394283524812839570e+00
7.849655782129061343e+00
1.271559044375409897e+01
8.740355362289328411e+00
3.659112123488042378e+00
3.946106203256059430e+00
5.994350715114791228e+00
5.878140981544271781e+00
7.376093382585452218e+00
1.032454564746329062e+01
1.300524867239237103e+01
1.617892261679621768e+01
9.069092128428785315e+00
1.008993183496206747e+01
1.073846306185929400e+01
9.757213016825886598e+00
7.536908392749558594e+00
1.012679070555709160e+01
5.538250411294237452e+00
1.032816706045161581e+01
5.505454850197892824e+00
4.817931047137456346e+00
1.172265515036159123e+01
1.051747053993731384e+01
2.264767415503733616e+00
1.215536809361914328e+00
2.562288249403684937e+00
3.571198966881434789e+00
1.771598994275575212e+00
7.919833772451474019e+00
1.093767568531980494e+01
5.134588838435640845e+00
1.014897360669750448e+01
9.810386357745276342e+00
4.385446312314466688e+00
4.915893808218074312e+00
7.372462804442160511e+00
1.153143692446639434e+01
1.165622495690199223e+01
6.047063619753858532e+00
4.824361709689102717e+00
9.396348400174346693e+00
6.278081384469517801e+00
5.351650851851591284e+00
3.623593809741238125e+00
4.019346422137309638e+00
8.138416206455152846e+00
1.038210242865982913e+01
8.516574060372258614e+00
6.527734881068356643e+00
1.000304145298587954e+01
1.308480977925008659e+01
1.264741823514588148e+01
8.992569901413610012e+00
3.033523877194530094e+00
3.209828316606413434e+00
5.846926484894796161e+00
1.153417826435829241e+01
1.430065082963887590e+01
1.310239446404843910e+01
9.520506307497273113e+00
9.964147805762689103e+00
1.291862863608705503e+01
7.025168700164093671e+00
3.495525749730181264e+00
5.171918777787272603e+00
4.450841346132984100e+00
1.127152094597425780e+01
1.245108729165986183e+01
1.657647686883309390e+01
1.027182784772068302e+01
8.669408783491569181e+00
7.554984026175808332e+00
5.957931008390309202e+00
7.162723942982843539e+00
1.028061880750664692e+01
7.596436981239699904e+00
3.558735560080141802e+00
1.026932200525116023e+01
9.388709956589559980e+00
2.052086833131346211e+00
1.014069838878348406e+01
1.643925536700028189e+01
1.432320677895789807e+01
1.207550711657883724e+01
6.991781757013521670e+00
9.318916445373018220e+00
6.748367427339237778e+00
5.997553803571942233e+00
1.147516744808525857e+01
1.215923021638306878e+01
6.584886450128406565e+00
5.175388592071897165e+00
5.164116181673557016e+00
1.013644099750986882e+01
8.577354418780497980e+00
8.189725681445112926e+00
4.884772379700959455e+00
2.550662354303621537e+00
8.959987956143812937e+00
6.487033441422101809e+00
7.854379550930338461e+00
1.318712291848412477e+01
1.413668789846570206e+01
1.011269224812077816e+01
1.024016919947402471e+01
5.425187336166620966e+00
6.210037775024357387e+00
1.569039506861778577e+01
1.389846625584579343e+01
1.114175554682906188e+01
1.227518215744062502e+01
1.468087244985068196e+01
1.353164732636368051e+01
1.181226394668663815e+01
1.310370020890235132e+01
2.126162884746216264e+01
1.660124111579460404e+01
1.738376705562619051e+01
1.619296298511364540e+01
1.766176059183086977e+01
2.562809480281924834e+01
2.182866989999001106e+01
1.909141484359303931e+01
1.676988005774477841e+01
1.092061718249864555e+01
8.774330316903892424e+00
1.176310946897034881e+01
1.697982568868197717e+01
1.638511996428781359e+01
1.386388403867422348e+01
1.493471304640456410e+01
1.873142443321298956e+01
1.549931910502277965e+01
1.193100021202333316e+01
1.026623824467248802e+01
1.095601858849552634e+01
8.173368759929827476e+00
5.251646222253679497e+00
7.203690761643488649e+00
5.912273579877781238e+00
1.546696829115178851e+01
1.697051960298661655e+01
9.915451894088928242e+00
3.704970759932951552e+00
5.970561072739373643e+00
8.869353573049446382e+00
7.589229286855617929e+00
6.949579720189524856e+00
7.255194367987716220e+00
7.229449765299490238e+00
4.750311130819863337e+00
2.439045391273335195e+00
8.360554822836265387e+00
7.643972557808027091e+00
4.284479240808234835e+00
7.253729751398387826e+00
1.019595116875379581e+01
5.172193233972155468e+00
5.896205229454606567e+00
9.043052434871810874e+00
7.059293064990609601e+00
5.872156024816828968e+00
6.445597512994729605e+00
4.985575007184321450e+00
4.849439243363925733e+00
1.051966992514640253e+01
1.158813460251282379e+01
1.421019931448259932e+01
1.295817732613955720e+01
1.217471417093895525e+01
9.514356583826778291e+00
9.932068045194561989e+00
1.642997509878218310e+01
1.776522511646747660e+01
9.238388448298865185e+00
2.684860169939662811e+00
5.355627858722685986e+00
1.490931088257483594e+01
1.208371143012925231e+01
6.621326331875122762e+00
9.050074065601421580e+00
6.045735957389940296e+00
4.502429212172406991e+00
1.348523637921249474e+01
1.822540566176246202e+01
1.285110998101855273e+01
7.949219279816192696e+00
5.373516520181407685e+00
4.441972184008754709e+00
1.022461108075689040e+01
1.117007430319648975e+01
2.058125504850238130e+01
1.630957574247521080e+01
1.304029467645900375e+01
8.930417297058747650e+00
9.759224703147729940e+00
1.394943434522626902e+01
1.226988716818314273e+01
1.008997743825834803e+01
3.797856202360678335e+00
5.453367416508227983e+00
4.909990243519452235e+00
1.921910569259285273e+00
1.212440422890440850e+01
1.310357293196088291e+00
8.309007966507037324e+00
1.150725666693098859e+01
9.175857928685296372e+00
7.718999514099408543e+00
7.668210788358381436e+00
8.248030610331614554e+00
6.898921244039454059e+00
1.190444403775162741e+01
5.878429687508576862e+00
6.129961718941260074e+00
4.962114023970629617e+00
5.525551138727687217e+00
1.632377025766426826e+01
1.606838373702263567e+01
7.761938070647101284e+00
1.051049154921166906e+00
4.038749952891612871e+00
8.148280023553212459e+00
6.441248832927262136e+00
7.173348305068621755e+00
4.276352467416804082e+00
9.805399915203627970e+00
1.270103190071739974e+01
4.777795584603789614e+00
4.616430035400439280e+00
8.673382906633088751e+00
1.302228233411381986e+01
6.346255492882103333e+00
4.903752943169617851e+00
8.099358675567048138e+00
5.052340139019994680e+00
1.008524831321385307e+01
1.351619743763706971e+01
1.444894470366797279e+01
1.218402946184089330e+01
8.278812557336461708e+00
8.002615283215202879e+00
4.889606291561317875e+00
2.897838506662288260e+00
6.514431598628481979e+00
7.131805542852277746e+00
7.676681595575897354e+00
9.104053981761502712e+00
1.107862631474755766e+01
1.182064425065601299e+01
7.429312777531096756e+00
1.140278493922580338e+01
7.179297437625890232e+00
3.303553200764066666e+00
3.161357489719068159e+00
1.147761934231085412e+00
7.370562954971314085e+00
2.318746644948933788e+00
3.113403996052444889e+00
1.387524406338649641e+01
1.287181839364193792e+01
1.088572700532539628e+01
7.097104070173751111e+00
4.207626176910214788e+00
6.854816425507141986e+00
4.247505481026905727e+00
9.137135143584519170e+00
1.068352459522044740e+01
1.103282267754900303e+01
1.380608179739762065e+01
1.285581952663459404e+01
1.383334769259042041e+01
1.718198481950151546e+01
1.348152030734961571e+01
2.820028638983439251e+00
6.327203917132067978e+00
1.243304296584019308e+00
6.091560865435314831e+00
5.926233498697675017e+00
1.351796794695397264e+00
4.962479040322342883e+00
1.040617263389010283e+01
5.788730557636535323e+00
4.893430103306767975e+00
8.104915757964043621e+00
1.126961502393431225e+01
7.999563396514927760e+00
6.918330345116554980e+00
1.889089508903741077e+01
1.878194795805266182e+01
1.801935913777505860e+01
1.222149160678925917e+01
1.292421657608601038e+01
1.011466588828834112e+01
4.246432671787695234e+00
8.841672328553404014e+00
5.290694141190742883e+00
5.362211437346726672e-01
3.241558158905126774e+00
9.148994520217160087e+00
7.866522935478650780e+00
7.300584353023660711e+00
9.821582589833958821e+00
9.116061956061237481e+00
4.621472636261253264e+00
4.815825871290638993e+00
3.971760763168591390e-01
7.641056002676888781e+00
8.582677054813212081e+00
2.391247704395080387e+00
1.266499905877276566e+00
6.822876584223893204e+00
1.218703217055476173e+01
9.556146166985971746e+00
8.670004428496076443e+00
1.926240901817068751e+00
3.463888600539466456e+00
1.337403349256389617e+01
1.259739793750436121e+01
9.531596018764057376e+00
8.073368219258789225e+00
2.543498181051002671e+00
7.402931750523188192e+00
1.244820010409532784e+01
1.097813429494039994e+01
1.156632082999284705e+01
1.322919472093876792e+01
8.468398469522689709e+00
1.098011839771613829e+01
9.359452121600449814e+00
4.495971704531487312e+00
9.306986593807757835e-01
3.737544710835928541e+00
6.685189126554882399e+00
6.325411770859378890e+00
7.099416830000766510e+00
7.470186148820783245e+00
7.268874459547729927e+00
4.558037500509027673e+00
5.146502758709231351e+00
4.056089317577916020e+00
7.490232083252560180e+00
1.187988068796778762e+01
1.352038220964960402e+01
8.310291423109580577e+00
7.124669417482097700e+00
1.637429852163879218e+01
1.091124517442862540e+01
1.389760171117569065e+01
1.133472121102311370e+01
7.058784099180313021e+00
1.128041922907532246e+01
5.469355093881798524e+00
3.502267598644002611e+00
2.076297910215992193e+00
3.440981156314608658e+00
6.291834839423520620e+00
7.416874913805379776e+00
9.320337597105902816e+00
1.207798515820735830e+01
1.481359154812755818e+01
1.083963665181424929e+01
9.914856588985259123e+00
6.117399465658500901e+00
5.068926061709237985e+00
4.647581227983673458e+00
5.540804439613991939e+00
4.818046567278851278e+00
8.338914734107005344e+00
5.820124319013385339e+00
4.531164997621044854e+00
9.555707823371644594e+00
1.208471450889484444e+01
1.132955721544140992e+01
5.571284140717461142e+00
7.029672389691298484e+00
4.678924018499674986e+00
6.843408323910130875e+00
9.047154285008719654e+00
1.037310147796850757e+01
5.649737228101557207e+00
2.049054348318369190e+00
3.818158634449213551e+00
6.509741739649332004e+00
1.117307288164841417e+01
1.130179847255723402e+01
1.041315117659830491e+01
1.074182833270095827e+01
1.417654153110061088e+01
1.337861674362466680e+01
1.011924824215879681e+01
1.157990625537612850e+01
1.087729921010493328e+01
6.646271751006889161e+00
3.835367131367771076e+00
4.076811706454809503e+00
7.076858725163514663e+00
8.901936877720940444e+00
9.638963691732092443e+00
6.492476943191593186e+00
1.069509977326511141e+01
9.214932735614256742e+00
6.965889081547267381e+00
4.759787239695744354e+00
4.238279719186460959e+00
9.090713504592283556e+00
3.269389818288814809e+00
7.493172950428116152e+00
3.875600311006210941e+00
8.611004990202319576e+00
1.151674209425619821e+01
1.377097748911315023e+01
1.295705384941578053e+01
3.606772482385781409e+00
1.657686873202719902e+00
8.031900973907889707e+00
7.089455285114572902e+00
1.020217296757072845e+01
8.438606940139370849e+00
9.366089626696057380e+00
5.570203341697834709e+00
3.798527105300494533e+00
4.099275785916588477e-01
5.315052717546548955e+00
1.302315021736485434e+01
1.102083347757895915e+01
1.019602179724118862e+01
1.318979733130230692e+01
6.060991135118769080e+00
5.415507172040942230e+00
7.839334834543824293e+00
1.264993046877540195e+01
1.188803687858358060e+01
1.210409624395898831e+01
1.457583166347817105e+01
2.058415752060682991e+01
2.430789022873717187e+01
2.514237607980089351e+01
2.605230508725286143e+01
2.176683314556225213e+01
1.928735205047648193e+01
1.967205192373788591e+01
1.339506953194346472e+01
1.069726796792606471e+01
7.817516329119492013e+00
2.625553089205088231e+00
6.559004362124554177e+00
9.181711602948256612e+00
9.796827155404940868e+00
9.013128930097405345e+00
1.047159343374806539e+01
7.543643291038355514e+00
4.409021229480013737e+00
5.858683236096919877e+00
1.374354253240779045e+01
6.392994325161640568e+00
4.712293920770862954e+00
2.259182997289638895e+00
9.275723974455811316e+00
1.263410626736361664e+01
1.367260775374077753e+01
1.106409071332209137e+01
1.106640812929315487e+01
1.422013701657562379e+01
1.362157607364713918e+01
1.767782959450627445e+01
1.333731839749677839e+01
3.685960128838310368e+00
6.397667309693700233e+00
1.433958902070637542e+01
1.679578958299159908e+01
1.527175550538148308e+01
9.851504704121232692e+00
2.126832010852114152e+00
5.144454293058938532e+00
1.216225783884942047e+01
1.097447895973108700e+01
5.121184358018875393e+00
5.663751604110487392e+00
4.685326025559637841e+00
7.023676347859599822e+00
9.905161858983454692e+00
1.066164727541784885e+01
1.028266808163125923e+01
1.149299309349426856e+01
1.151049022026091428e+01
1.010141320671289833e+01
1.364081664121205506e+01
1.238017264581741550e+01
9.036007413926510523e+00
1.194797527908265700e+01
1.590675450967779625e+01
8.002127373735515192e+00
4.167127772632001736e+00
6.067721957572790537e+00
1.148773893640746024e+01
1.539077244119612686e+01
5.163586501498400594e+00
2.688351719422880759e+00
